,machine_name,date,reference_hour,region_id,status,genotype,background,control_genotype,age,sex,food,fly_no,replicate,Temperature,incubator,optomotor,SD_start_datetime,SD_end_datetime,motor,LED,start_time,stimulus_1_time,stimulus_1_intensity,stimulus_1_duration,stimulus_2_time,stimulus_2_intensity,stimulus_2_duration,stimulus_3_time,stimulus_3_intensity,stimulus_3_duration,stimulus_4_time,stimulus_4_intensity,stimulus_4_duration
1,ETHOSCOPE_PV_01,2020-03-12,9,1,dead,w1118,w1118,TRUE,1-5 days old,M,5%-Sucrose_2%-Fly Agar,1,1,25,1,NO,2019-03-19_14-17-134,2019-03-27_14-17-134,Control,Control,2020-03-12 10:00,2020-03-19 02:01,0.01,1,2020-03-19 02:06,0.1,1,2020-03-19 02:11,1,1,2020-03-19 02:16,100,10
2,ETHOSCOPE_PV_01,2020-03-12,9,2,dead,w1118,w1118,TRUE,1-5 days old,M,5%-Sucrose_2%-Fly Agar,2,1,25,1,NO,2019-03-19_14-17-136,2019-03-27_14-17-136,Control,Control,2020-03-05 10:00,2020-03-19 02:01,0.01,1,2020-03-19 02:06,0.1,1,2020-03-19 02:11,1,1,2020-03-19 02:16,100,10
3,ETHOSCOPE_PV_01,2020-03-12,9,3,dead,w1118,w1118,TRUE,1-5 days old,M,5%-Sucrose_2%-Fly Agar,3,1,25,1,NO,2019-03-19_14-17-138,2019-03-27_14-17-138,Control,Control,2020-03-05 10:00,2020-03-19 02:01,0.01,1,2020-03-19 02:06,0.1,1,2020-03-19 02:11,1,1,2020-03-19 02:16,100,10
4,ETHOSCOPE_PV_01,2020-03-12,9,4,dead,w1118,w1118,TRUE,1-5 days old,M,5%-Sucrose_2%-Fly Agar,4,1,25,1,NO,2019-03-19_14-17-140,2019-03-27_14-17-140,Control,Control,2020-03-05 10:00,2020-03-19 02:01,0.01,1,2020-03-19 02:06,0.1,1,2020-03-19 02:11,1,1,2020-03-19 02:16,100,10
5,ETHOSCOPE_PV_01,2020-03-12,9,5,dead,w1118,w1118,TRUE,1-5 days old,M,5%-Sucrose_2%-Fly Agar,5,1,25,1,NO,2019-03-19_14-17-142,2019-03-27_14-17-142,Control,Control,2020-03-05 10:00,2020-03-19 02:01,0.01,1,2020-03-19 02:06,0.1,1,2020-03-19 02:11,1,1,2020-03-19 02:16,100,10
6,ETHOSCOPE_PV_01,2020-03-12,9,6,dead,w1118,w1118,TRUE,1-5 days old,M,5%-Sucrose_2%-Fly Agar,6,1,25,1,NO,2019-03-19_14-17-144,2019-03-27_14-17-144,Control,Control,2020-03-05 10:00,2020-03-19 02:01,0.01,1,2020-03-19 02:06,0.1,1,2020-03-19 02:11,1,1,2020-03-19 02:16,100,10
7,ETHOSCOPE_PV_01,2020-03-12,9,7,dead,w1118,w1118,TRUE,1-5 days old,M,5%-Sucrose_2%-Fly Agar,7,1,25,1,NO,2019-03-19_14-17-146,2019-03-27_14-17-146,Control,Control,2020-03-05 10:00,2020-03-19 02:01,0.01,1,2020-03-19 02:06,0.1,1,2020-03-19 02:11,1,1,2020-03-19 02:16,100,10
8,ETHOSCOPE_PV_01,2020-03-12,9,8,dead,w1118,w1118,TRUE,1-5 days old,M,5%-Sucrose_2%-Fly Agar,8,1,25,1,NO,2019-03-19_14-17-148,2019-03-27_14-17-148,Control,Control,2020-03-05 10:00,2020-03-19 02:01,0.01,1,2020-03-19 02:06,0.1,1,2020-03-19 02:11,1,1,2020-03-19 02:16,100,10
9,ETHOSCOPE_PV_01,2020-03-12,9,9,dead,w1118,w1118,TRUE,1-5 days old,M,5%-Sucrose_2%-Fly Agar,9,1,25,1,NO,2019-03-19_14-17-150,2019-03-27_14-17-150,Control,Control,2020-03-05 10:00,2020-03-19 02:01,0.01,1,2020-03-19 02:06,0.1,1,2020-03-19 02:11,1,1,2020-03-19 02:16,100,10
10,ETHOSCOPE_PV_01,2020-03-12,9,10,dead,w1118,w1118,TRUE,1-5 days old,M,5%-Sucrose_2%-Fly Agar,10,1,25,1,NO,2019-03-19_14-17-152,2019-03-27_14-17-152,Control,Control,2020-03-05 10:00,2020-03-19 02:01,0.01,1,2020-03-19 02:06,0.1,1,2020-03-19 02:11,1,1,2020-03-19 02:16,100,10
11,ETHOSCOPE_PV_02,2020-03-12,9,1,OK,w1118,w1118,TRUE,1-5 days old,M,5%-Sucrose_2%-Fly Agar,11,1,25,1,NO,2019-03-19_14-17-154,2019-03-27_14-17-154,Control,Control,2020-03-05 10:00,2020-03-19 02:01,0.01,1,2020-03-19 02:06,0.1,1,2020-03-19 02:11,1,1,2020-03-19 02:16,100,10
12,ETHOSCOPE_PV_02,2020-03-12,9,2,OK,w1118,w1118,TRUE,1-5 days old,M,5%-Sucrose_2%-Fly Agar,12,1,25,1,NO,2019-03-19_14-17-156,2019-03-27_14-17-156,Control,Control,2020-03-05 10:00,2020-03-19 02:01,0.01,1,2020-03-19 02:06,0.1,1,2020-03-19 02:11,1,1,2020-03-19 02:16,100,10
13,ETHOSCOPE_PV_02,2020-03-12,9,3,OK,w1118,w1118,TRUE,1-5 days old,M,5%-Sucrose_2%-Fly Agar,13,1,25,1,NO,2019-03-19_14-17-158,2019-03-27_14-17-158,Control,Control,2020-03-05 10:00,2020-03-19 02:01,0.01,1,2020-03-19 02:06,0.1,1,2020-03-19 02:11,1,1,2020-03-19 02:16,100,10
14,ETHOSCOPE_PV_02,2020-03-12,9,4,OK,w1118,w1118,TRUE,1-5 days old,M,5%-Sucrose_2%-Fly Agar,14,1,25,1,NO,2019-03-19_14-17-160,2019-03-27_14-17-160,Control,Control,2020-03-05 10:00,2020-03-19 02:01,0.01,1,2020-03-19 02:06,0.1,1,2020-03-19 02:11,1,1,2020-03-19 02:16,100,10
15,ETHOSCOPE_PV_02,2020-03-12,9,5,OK,w1118,w1118,TRUE,1-5 days old,M,5%-Sucrose_2%-Fly Agar,15,1,25,1,NO,2019-03-19_14-17-162,2019-03-27_14-17-162,Control,Control,2020-03-05 10:00,2020-03-19 02:01,0.01,1,2020-03-19 02:06,0.1,1,2020-03-19 02:11,1,1,2020-03-19 02:16,100,10
16,ETHOSCOPE_PV_02,2020-03-12,9,6,OK,w1118,w1118,TRUE,1-5 days old,M,5%-Sucrose_2%-Fly Agar,16,1,25,1,NO,2019-03-19_14-17-164,2019-03-27_14-17-164,Control,Control,2020-03-05 10:00,2020-03-19 02:01,0.01,1,2020-03-19 02:06,0.1,1,2020-03-19 02:11,1,1,2020-03-19 02:16,100,10
17,ETHOSCOPE_PV_02,2020-03-12,9,7,dead,w1118,w1118,TRUE,1-5 days old,M,5%-Sucrose_2%-Fly Agar,17,1,25,1,NO,2019-03-19_14-17-166,2019-03-27_14-17-166,Control,Control,2020-03-05 10:00,2020-03-19 02:01,0.01,1,2020-03-19 02:06,0.1,1,2020-03-19 02:11,1,1,2020-03-19 02:16,100,10
18,ETHOSCOPE_PV_02,2020-03-12,9,8,OK,w1118,w1118,TRUE,1-5 days old,M,5%-Sucrose_2%-Fly Agar,18,1,25,1,NO,2019-03-19_14-17-168,2019-03-27_14-17-168,Control,Control,2020-03-05 10:00,2020-03-19 02:01,0.01,1,2020-03-19 02:06,0.1,1,2020-03-19 02:11,1,1,2020-03-19 02:16,100,10
19,ETHOSCOPE_PV_02,2020-03-12,9,9,dead,w1118,w1118,TRUE,1-5 days old,M,5%-Sucrose_2%-Fly Agar,19,1,25,1,NO,2019-03-19_14-17-170,2019-03-27_14-17-170,Control,Control,2020-03-05 10:00,2020-03-19 02:01,0.01,1,2020-03-19 02:06,0.1,1,2020-03-19 02:11,1,1,2020-03-19 02:16,100,10
20,ETHOSCOPE_PV_02,2020-03-12,9,10,OK,w1118,w1118,TRUE,1-5 days old,M,5%-Sucrose_2%-Fly Agar,20,1,25,1,NO,2019-03-19_14-17-172,2019-03-27_14-17-172,Control,Control,2020-03-05 10:00,2020-03-19 02:01,0.01,1,2020-03-19 02:06,0.1,1,2020-03-19 02:11,1,1,2020-03-19 02:16,100,10
21,ETHOSCOPE_PV_03,2020-03-12,9,1,OK,w1118,w1118,TRUE,1-5 days old,M,5%-Sucrose_2%-Fly Agar,21,1,25,1,NO,2019-03-19_14-17-174,2019-03-27_14-17-174,Control,Control,2020-03-05 10:00,2020-03-19 02:01,0.01,1,2020-03-19 02:06,0.1,1,2020-03-19 02:11,1,1,2020-03-19 02:16,100,10
22,ETHOSCOPE_PV_03,2020-03-12,9,2,dead,w1118,w1118,TRUE,1-5 days old,M,5%-Sucrose_2%-Fly Agar,22,1,25,1,NO,2019-03-19_14-17-176,2019-03-27_14-17-176,Control,Control,2020-03-05 10:00,2020-03-19 02:01,0.01,1,2020-03-19 02:06,0.1,1,2020-03-19 02:11,1,1,2020-03-19 02:16,100,10
23,ETHOSCOPE_PV_03,2020-03-12,9,3,OK,w1118,w1118,TRUE,1-5 days old,M,5%-Sucrose_2%-Fly Agar,23,1,25,1,NO,2019-03-19_14-17-178,2019-03-27_14-17-178,Control,Control,2020-03-05 10:00,2020-03-19 02:01,0.01,1,2020-03-19 02:06,0.1,1,2020-03-19 02:11,1,1,2020-03-19 02:16,100,10
24,ETHOSCOPE_PV_03,2020-03-12,9,4,dead,w1118,w1118,TRUE,1-5 days old,M,5%-Sucrose_2%-Fly Agar,24,1,25,1,NO,2019-03-19_14-17-180,2019-03-27_14-17-180,Control,Control,2020-03-05 10:00,2020-03-19 02:01,0.01,1,2020-03-19 02:06,0.1,1,2020-03-19 02:11,1,1,2020-03-19 02:16,100,10
25,ETHOSCOPE_PV_03,2020-03-12,9,5,dead,w1118,w1118,TRUE,1-5 days old,M,5%-Sucrose_2%-Fly Agar,25,1,25,1,NO,2019-03-19_14-17-182,2019-03-27_14-17-182,Control,Control,2020-03-05 10:00,2020-03-19 02:01,0.01,1,2020-03-19 02:06,0.1,1,2020-03-19 02:11,1,1,2020-03-19 02:16,100,10
26,ETHOSCOPE_PV_03,2020-03-12,9,6,dead,w1118,w1118,TRUE,1-5 days old,M,5%-Sucrose_2%-Fly Agar,26,1,25,1,NO,2019-03-19_14-17-184,2019-03-27_14-17-184,Control,Control,2020-03-05 10:00,2020-03-19 02:01,0.01,1,2020-03-19 02:06,0.1,1,2020-03-19 02:11,1,1,2020-03-19 02:16,100,10
27,ETHOSCOPE_PV_03,2020-03-12,9,7,dead,w1118,w1118,TRUE,1-5 days old,M,5%-Sucrose_2%-Fly Agar,27,1,25,1,NO,2019-03-19_14-17-186,2019-03-27_14-17-186,Control,Control,2020-03-05 10:00,2020-03-19 02:01,0.01,1,2020-03-19 02:06,0.1,1,2020-03-19 02:11,1,1,2020-03-19 02:16,100,10
28,ETHOSCOPE_PV_03,2020-03-12,9,8,OK,w1118,w1118,TRUE,1-5 days old,M,5%-Sucrose_2%-Fly Agar,28,1,25,1,NO,2019-03-19_14-17-188,2019-03-27_14-17-188,Control,Control,2020-03-05 10:00,2020-03-19 02:01,0.01,1,2020-03-19 02:06,0.1,1,2020-03-19 02:11,1,1,2020-03-19 02:16,100,10
29,ETHOSCOPE_PV_03,2020-03-12,9,9,OK,w1118,w1118,TRUE,1-5 days old,M,5%-Sucrose_2%-Fly Agar,29,1,25,1,NO,2019-03-19_14-17-190,2019-03-27_14-17-190,Control,Control,2020-03-05 10:00,2020-03-19 02:01,0.01,1,2020-03-19 02:06,0.1,1,2020-03-19 02:11,1,1,2020-03-19 02:16,100,10
30,ETHOSCOPE_PV_03,2020-03-12,9,10,dead,w1118,w1118,TRUE,1-5 days old,M,5%-Sucrose_2%-Fly Agar,30,1,25,1,NO,2019-03-19_14-17-192,2019-03-27_14-17-192,Control,Control,2020-03-05 10:00,2020-03-19 02:01,0.01,1,2020-03-19 02:06,0.1,1,2020-03-19 02:11,1,1,2020-03-19 02:16,100,10
31,ETHOSCOPE_PV_01,2020-03-12,9,11,dead,Rab39 KO,w1118,FALSE,1-5 days old,M,5%-Sucrose_2%-Fly Agar,31,1,25,1,NO,2019-03-19_14-17-174,2019-03-27_14-17-174,Control,Control,2020-03-05 10:00,2020-03-19 02:01,0.01,1,2020-03-19 02:06,0.1,1,2020-03-19 02:11,1,1,2020-03-19 02:16,100,10
32,ETHOSCOPE_PV_01,2020-03-12,9,12,dead,Rab39 KO,w1118,FALSE,1-5 days old,M,5%-Sucrose_2%-Fly Agar,32,1,25,1,NO,2019-03-19_14-17-176,2019-03-27_14-17-176,Control,Control,2020-03-05 10:00,2020-03-19 02:01,0.01,1,2020-03-19 02:06,0.1,1,2020-03-19 02:11,1,1,2020-03-19 02:16,100,10
33,ETHOSCOPE_PV_01,2020-03-12,9,13,dead,Rab39 KO,w1118,FALSE,1-5 days old,M,5%-Sucrose_2%-Fly Agar,33,1,25,1,NO,2019-03-19_14-17-178,2019-03-27_14-17-178,Control,Control,2020-03-05 10:00,2020-03-19 02:01,0.01,1,2020-03-19 02:06,0.1,1,2020-03-19 02:11,1,1,2020-03-19 02:16,100,10
34,ETHOSCOPE_PV_01,2020-03-12,9,14,dead,Rab39 KO,w1118,FALSE,1-5 days old,M,5%-Sucrose_2%-Fly Agar,34,1,25,1,NO,2019-03-19_14-17-180,2019-03-27_14-17-180,Control,Control,2020-03-05 10:00,2020-03-19 02:01,0.01,1,2020-03-19 02:06,0.1,1,2020-03-19 02:11,1,1,2020-03-19 02:16,100,10
35,ETHOSCOPE_PV_01,2020-03-12,9,15,dead,Rab39 KO,w1118,FALSE,1-5 days old,M,5%-Sucrose_2%-Fly Agar,35,1,25,1,NO,2019-03-19_14-17-182,2019-03-27_14-17-182,Control,Control,2020-03-05 10:00,2020-03-19 02:01,0.01,1,2020-03-19 02:06,0.1,1,2020-03-19 02:11,1,1,2020-03-19 02:16,100,10
36,ETHOSCOPE_PV_01,2020-03-12,9,16,dead,Rab39 KO,w1118,FALSE,1-5 days old,M,5%-Sucrose_2%-Fly Agar,36,1,25,1,NO,2019-03-19_14-17-184,2019-03-27_14-17-184,Control,Control,2020-03-05 10:00,2020-03-19 02:01,0.01,1,2020-03-19 02:06,0.1,1,2020-03-19 02:11,1,1,2020-03-19 02:16,100,10
37,ETHOSCOPE_PV_01,2020-03-12,9,17,dead,Rab39 KO,w1118,FALSE,1-5 days old,M,5%-Sucrose_2%-Fly Agar,37,1,25,1,NO,2019-03-19_14-17-186,2019-03-27_14-17-186,Control,Control,2020-03-05 10:00,2020-03-19 02:01,0.01,1,2020-03-19 02:06,0.1,1,2020-03-19 02:11,1,1,2020-03-19 02:16,100,10
38,ETHOSCOPE_PV_01,2020-03-12,9,18,dead,Rab39 KO,w1118,FALSE,1-5 days old,M,5%-Sucrose_2%-Fly Agar,38,1,25,1,NO,2019-03-19_14-17-188,2019-03-27_14-17-188,Control,Control,2020-03-05 10:00,2020-03-19 02:01,0.01,1,2020-03-19 02:06,0.1,1,2020-03-19 02:11,1,1,2020-03-19 02:16,100,10
39,ETHOSCOPE_PV_01,2020-03-12,9,19,dead,Rab39 KO,w1118,FALSE,1-5 days old,M,5%-Sucrose_2%-Fly Agar,39,1,25,1,NO,2019-03-19_14-17-190,2019-03-27_14-17-190,Control,Control,2020-03-05 10:00,2020-03-19 02:01,0.01,1,2020-03-19 02:06,0.1,1,2020-03-19 02:11,1,1,2020-03-19 02:16,100,10
40,ETHOSCOPE_PV_01,2020-03-12,9,20,dead,Rab39 KO,w1118,FALSE,1-5 days old,M,5%-Sucrose_2%-Fly Agar,40,1,25,1,NO,2019-03-19_14-17-192,2019-03-27_14-17-192,Control,Control,2020-03-05 10:00,2020-03-19 02:01,0.01,1,2020-03-19 02:06,0.1,1,2020-03-19 02:11,1,1,2020-03-19 02:16,100,10
41,ETHOSCOPE_PV_02,2020-03-12,9,11,OK,Rab39 KO,w1118,FALSE,1-5 days old,M,5%-Sucrose_2%-Fly Agar,41,1,25,1,NO,2019-03-19_14-17-194,2019-03-27_14-17-194,Control,Control,2020-03-05 10:00,2020-03-19 02:01,0.01,1,2020-03-19 02:06,0.1,1,2020-03-19 02:11,1,1,2020-03-19 02:16,100,10
42,ETHOSCOPE_PV_02,2020-03-12,9,12,OK,Rab39 KO,w1118,FALSE,1-5 days old,M,5%-Sucrose_2%-Fly Agar,42,1,25,1,NO,2019-03-19_14-17-196,2019-03-27_14-17-196,Control,Control,2020-03-05 10:00,2020-03-19 02:01,0.01,1,2020-03-19 02:06,0.1,1,2020-03-19 02:11,1,1,2020-03-19 02:16,100,10
43,ETHOSCOPE_PV_02,2020-03-12,9,13,OK,Rab39 KO,w1118,FALSE,1-5 days old,M,5%-Sucrose_2%-Fly Agar,43,1,25,1,NO,2019-03-19_14-17-198,2019-03-27_14-17-198,Control,Control,2020-03-05 10:00,2020-03-19 02:01,0.01,1,2020-03-19 02:06,0.1,1,2020-03-19 02:11,1,1,2020-03-19 02:16,100,10
44,ETHOSCOPE_PV_02,2020-03-12,9,14,OK,Rab39 KO,w1118,FALSE,1-5 days old,M,5%-Sucrose_2%-Fly Agar,44,1,25,1,NO,2019-03-19_14-17-200,2019-03-27_14-17-200,Control,Control,2020-03-05 10:00,2020-03-19 02:01,0.01,1,2020-03-19 02:06,0.1,1,2020-03-19 02:11,1,1,2020-03-19 02:16,100,10
45,ETHOSCOPE_PV_02,2020-03-12,9,15,OK,Rab39 KO,w1118,FALSE,1-5 days old,M,5%-Sucrose_2%-Fly Agar,45,1,25,1,NO,2019-03-19_14-17-202,2019-03-27_14-17-202,Control,Control,2020-03-05 10:00,2020-03-19 02:01,0.01,1,2020-03-19 02:06,0.1,1,2020-03-19 02:11,1,1,2020-03-19 02:16,100,10
46,ETHOSCOPE_PV_02,2020-03-12,9,16,OK,Rab39 KO,w1118,FALSE,1-5 days old,M,5%-Sucrose_2%-Fly Agar,46,1,25,1,NO,2019-03-19_14-17-204,2019-03-27_14-17-204,Control,Control,2020-03-05 10:00,2020-03-19 02:01,0.01,1,2020-03-19 02:06,0.1,1,2020-03-19 02:11,1,1,2020-03-19 02:16,100,10
47,ETHOSCOPE_PV_02,2020-03-12,9,17,OK,Rab39 KO,w1118,FALSE,1-5 days old,M,5%-Sucrose_2%-Fly Agar,47,1,25,1,NO,2019-03-19_14-17-206,2019-03-27_14-17-206,Control,Control,2020-03-05 10:00,2020-03-19 02:01,0.01,1,2020-03-19 02:06,0.1,1,2020-03-19 02:11,1,1,2020-03-19 02:16,100,10
48,ETHOSCOPE_PV_02,2020-03-12,9,18,OK,Rab39 KO,w1118,FALSE,1-5 days old,M,5%-Sucrose_2%-Fly Agar,48,1,25,1,NO,2019-03-19_14-17-208,2019-03-27_14-17-208,Control,Control,2020-03-05 10:00,2020-03-19 02:01,0.01,1,2020-03-19 02:06,0.1,1,2020-03-19 02:11,1,1,2020-03-19 02:16,100,10
49,ETHOSCOPE_PV_02,2020-03-12,9,19,OK,Rab39 KO,w1118,FALSE,1-5 days old,M,5%-Sucrose_2%-Fly Agar,49,1,25,1,NO,2019-03-19_14-17-210,2019-03-27_14-17-210,Control,Control,2020-03-05 10:00,2020-03-19 02:01,0.01,1,2020-03-19 02:06,0.1,1,2020-03-19 02:11,1,1,2020-03-19 02:16,100,10
50,ETHOSCOPE_PV_02,2020-03-12,9,20,dead,Rab39 KO,w1118,FALSE,1-5 days old,M,5%-Sucrose_2%-Fly Agar,50,1,25,1,NO,2019-03-19_14-17-212,2019-03-27_14-17-212,Control,Control,2020-03-05 10:00,2020-03-19 02:01,0.01,1,2020-03-19 02:06,0.1,1,2020-03-19 02:11,1,1,2020-03-19 02:16,100,10
51,ETHOSCOPE_PV_03,2020-03-12,9,11,OK,iPla KO,w1118,FALSE,1-5 days old,M,5%-Sucrose_2%-Fly Agar,51,1,25,1,NO,2019-03-19_14-17-214,2019-03-27_14-17-214,Control,Control,2020-03-05 10:00,2020-03-19 02:01,0.01,1,2020-03-19 02:06,0.1,1,2020-03-19 02:11,1,1,2020-03-19 02:16,100,10
52,ETHOSCOPE_PV_03,2020-03-12,9,12,OK,iPla KO,w1118,FALSE,1-5 days old,M,5%-Sucrose_2%-Fly Agar,52,1,25,1,NO,2019-03-19_14-17-216,2019-03-27_14-17-216,Control,Control,2020-03-05 10:00,2020-03-19 02:01,0.01,1,2020-03-19 02:06,0.1,1,2020-03-19 02:11,1,1,2020-03-19 02:16,100,10
53,ETHOSCOPE_PV_03,2020-03-12,9,13,OK,iPla KO,w1118,FALSE,1-5 days old,M,5%-Sucrose_2%-Fly Agar,53,1,25,1,NO,2019-03-19_14-17-218,2019-03-27_14-17-218,Control,Control,2020-03-05 10:00,2020-03-19 02:01,0.01,1,2020-03-19 02:06,0.1,1,2020-03-19 02:11,1,1,2020-03-19 02:16,100,10
54,ETHOSCOPE_PV_03,2020-03-12,9,14,OK,iPla KO,w1118,FALSE,1-5 days old,M,5%-Sucrose_2%-Fly Agar,54,1,25,1,NO,2019-03-19_14-17-220,2019-03-27_14-17-220,Control,Control,2020-03-05 10:00,2020-03-19 02:01,0.01,1,2020-03-19 02:06,0.1,1,2020-03-19 02:11,1,1,2020-03-19 02:16,100,10
55,ETHOSCOPE_PV_03,2020-03-12,9,15,OK,iPla KO,w1118,FALSE,1-5 days old,M,5%-Sucrose_2%-Fly Agar,55,1,25,1,NO,2019-03-19_14-17-222,2019-03-27_14-17-222,Control,Control,2020-03-05 10:00,2020-03-19 02:01,0.01,1,2020-03-19 02:06,0.1,1,2020-03-19 02:11,1,1,2020-03-19 02:16,100,10
56,ETHOSCOPE_PV_03,2020-03-12,9,16,dead,iPla KO,w1118,FALSE,1-5 days old,M,5%-Sucrose_2%-Fly Agar,56,1,25,1,NO,2019-03-19_14-17-224,2019-03-27_14-17-224,Control,Control,2020-03-05 10:00,2020-03-19 02:01,0.01,1,2020-03-19 02:06,0.1,1,2020-03-19 02:11,1,1,2020-03-19 02:16,100,10
57,ETHOSCOPE_PV_03,2020-03-12,9,17,OK,iPla KO,w1118,FALSE,1-5 days old,M,5%-Sucrose_2%-Fly Agar,57,1,25,1,NO,2019-03-19_14-17-226,2019-03-27_14-17-226,Control,Control,2020-03-05 10:00,2020-03-19 02:01,0.01,1,2020-03-19 02:06,0.1,1,2020-03-19 02:11,1,1,2020-03-19 02:16,100,10
58,ETHOSCOPE_PV_03,2020-03-12,9,18,OK,iPla KO,w1118,FALSE,1-5 days old,M,5%-Sucrose_2%-Fly Agar,58,1,25,1,NO,2019-03-19_14-17-228,2019-03-27_14-17-228,Control,Control,2020-03-05 10:00,2020-03-19 02:01,0.01,1,2020-03-19 02:06,0.1,1,2020-03-19 02:11,1,1,2020-03-19 02:16,100,10
59,ETHOSCOPE_PV_03,2020-03-12,9,19,OK,iPla KO,w1118,FALSE,1-5 days old,M,5%-Sucrose_2%-Fly Agar,59,1,25,1,NO,2019-03-19_14-17-230,2019-03-27_14-17-230,Control,Control,2020-03-05 10:00,2020-03-19 02:01,0.01,1,2020-03-19 02:06,0.1,1,2020-03-19 02:11,1,1,2020-03-19 02:16,100,10
60,ETHOSCOPE_PV_03,2020-03-12,9,20,dead,iPla KO,w1118,FALSE,1-5 days old,M,5%-Sucrose_2%-Fly Agar,60,1,25,1,NO,2019-03-19_14-17-232,2019-03-27_14-17-232,Control,Control,2020-03-05 10:00,2020-03-19 02:01,0.01,1,2020-03-19 02:06,0.1,1,2020-03-19 02:11,1,1,2020-03-19 02:16,100,10
61,ETHOSCOPE_PV_04,2020-03-12,9,11,OK,iPla KO,w1118,FALSE,1-5 days old,M,5%-Sucrose_2%-Fly Agar,61,1,25,1,NO,2019-03-19_14-17-234,2019-03-27_14-17-234,Control,Control,2020-03-05 10:00,2020-03-19 02:01,0.01,1,2020-03-19 02:06,0.1,1,2020-03-19 02:11,1,1,2020-03-19 02:16,100,10
62,ETHOSCOPE_PV_04,2020-03-12,9,12,OK,iPla KO,w1118,FALSE,1-5 days old,M,5%-Sucrose_2%-Fly Agar,62,1,25,1,NO,2019-03-19_14-17-236,2019-03-27_14-17-236,Control,Control,2020-03-05 10:00,2020-03-19 02:01,0.01,1,2020-03-19 02:06,0.1,1,2020-03-19 02:11,1,1,2020-03-19 02:16,100,10
63,ETHOSCOPE_PV_04,2020-03-12,9,13,OK,iPla KO,w1118,FALSE,1-5 days old,M,5%-Sucrose_2%-Fly Agar,63,1,25,1,NO,2019-03-19_14-17-238,2019-03-27_14-17-238,Control,Control,2020-03-05 10:00,2020-03-19 02:01,0.01,1,2020-03-19 02:06,0.1,1,2020-03-19 02:11,1,1,2020-03-19 02:16,100,10
64,ETHOSCOPE_PV_04,2020-03-12,9,14,dead,iPla KO,w1118,FALSE,1-5 days old,M,5%-Sucrose_2%-Fly Agar,64,1,25,1,NO,2019-03-19_14-17-240,2019-03-27_14-17-240,Control,Control,2020-03-05 10:00,2020-03-19 02:01,0.01,1,2020-03-19 02:06,0.1,1,2020-03-19 02:11,1,1,2020-03-19 02:16,100,10
65,ETHOSCOPE_PV_04,2020-03-12,9,15,OK,iPla KO,w1118,FALSE,1-5 days old,M,5%-Sucrose_2%-Fly Agar,65,1,25,1,NO,2019-03-19_14-17-242,2019-03-27_14-17-242,Control,Control,2020-03-05 10:00,2020-03-19 02:01,0.01,1,2020-03-19 02:06,0.1,1,2020-03-19 02:11,1,1,2020-03-19 02:16,100,10
66,ETHOSCOPE_PV_04,2020-03-12,9,16,dead,iPla KO,w1118,FALSE,1-5 days old,M,5%-Sucrose_2%-Fly Agar,66,1,25,1,NO,2019-03-19_14-17-244,2019-03-27_14-17-244,Control,Control,2020-03-05 10:00,2020-03-19 02:01,0.01,1,2020-03-19 02:06,0.1,1,2020-03-19 02:11,1,1,2020-03-19 02:16,100,10
67,ETHOSCOPE_PV_04,2020-03-12,9,17,OK,iPla KO,w1118,FALSE,1-5 days old,M,5%-Sucrose_2%-Fly Agar,67,1,25,1,NO,2019-03-19_14-17-246,2019-03-27_14-17-246,Control,Control,2020-03-05 10:00,2020-03-19 02:01,0.01,1,2020-03-19 02:06,0.1,1,2020-03-19 02:11,1,1,2020-03-19 02:16,100,10
68,ETHOSCOPE_PV_04,2020-03-12,9,18,dead,iPla KO,w1118,FALSE,1-5 days old,M,5%-Sucrose_2%-Fly Agar,68,1,25,1,NO,2019-03-19_14-17-248,2019-03-27_14-17-248,Control,Control,2020-03-05 10:00,2020-03-19 02:01,0.01,1,2020-03-19 02:06,0.1,1,2020-03-19 02:11,1,1,2020-03-19 02:16,100,10
69,ETHOSCOPE_PV_04,2020-03-12,9,19,dead,iPla KO,w1118,FALSE,1-5 days old,M,5%-Sucrose_2%-Fly Agar,69,1,25,1,NO,2019-03-19_14-17-250,2019-03-27_14-17-250,Control,Control,2020-03-05 10:00,2020-03-19 02:01,0.01,1,2020-03-19 02:06,0.1,1,2020-03-19 02:11,1,1,2020-03-19 02:16,100,10
70,ETHOSCOPE_PV_04,2020-03-12,9,20,dead,iPla KO,w1118,FALSE,1-5 days old,M,5%-Sucrose_2%-Fly Agar,70,1,25,1,NO,2019-03-19_14-17-252,2019-03-27_14-17-252,Control,Control,2020-03-05 10:00,2020-03-19 02:01,0.01,1,2020-03-19 02:06,0.1,1,2020-03-19 02:11,1,1,2020-03-19 02:16,100,10
131,ETHOSCOPE_PV_07,2020-03-12,9,1,OK,Omi KO,w1118,FALSE,1-5 days old,M,5%-Sucrose_2%-Fly Agar,131,1,25,1,NO,2019-03-19_14-17-374,2019-03-27_14-17-374,Control,Control,2020-03-05 10:00,2020-03-19 02:01,0.01,1,2020-03-19 02:06,0.1,1,2020-03-19 02:11,1,1,2020-03-19 02:16,100,10
132,ETHOSCOPE_PV_07,2020-03-12,9,2,OK,Omi KO,w1118,FALSE,1-5 days old,M,5%-Sucrose_2%-Fly Agar,132,1,25,1,NO,2019-03-19_14-17-376,2019-03-27_14-17-376,Control,Control,2020-03-05 10:00,2020-03-19 02:01,0.01,1,2020-03-19 02:06,0.1,1,2020-03-19 02:11,1,1,2020-03-19 02:16,100,10
133,ETHOSCOPE_PV_07,2020-03-12,9,3,OK,Omi KO,w1118,FALSE,1-5 days old,M,5%-Sucrose_2%-Fly Agar,133,1,25,1,NO,2019-03-19_14-17-378,2019-03-27_14-17-378,Control,Control,2020-03-05 10:00,2020-03-19 02:01,0.01,1,2020-03-19 02:06,0.1,1,2020-03-19 02:11,1,1,2020-03-19 02:16,100,10
134,ETHOSCOPE_PV_07,2020-03-12,9,4,dead,Omi KO,w1118,FALSE,1-5 days old,M,5%-Sucrose_2%-Fly Agar,134,1,25,1,NO,2019-03-19_14-17-380,2019-03-27_14-17-380,Control,Control,2020-03-05 10:00,2020-03-19 02:01,0.01,1,2020-03-19 02:06,0.1,1,2020-03-19 02:11,1,1,2020-03-19 02:16,100,10
135,ETHOSCOPE_PV_07,2020-03-12,9,5,OK,Omi KO,w1118,FALSE,1-5 days old,M,5%-Sucrose_2%-Fly Agar,135,1,25,1,NO,2019-03-19_14-17-382,2019-03-27_14-17-382,Control,Control,2020-03-05 10:00,2020-03-19 02:01,0.01,1,2020-03-19 02:06,0.1,1,2020-03-19 02:11,1,1,2020-03-19 02:16,100,10
136,ETHOSCOPE_PV_07,2020-03-12,9,6,dead,Omi KO,w1118,FALSE,1-5 days old,M,5%-Sucrose_2%-Fly Agar,136,1,25,1,NO,2019-03-19_14-17-384,2019-03-27_14-17-384,Control,Control,2020-03-05 10:00,2020-03-19 02:01,0.01,1,2020-03-19 02:06,0.1,1,2020-03-19 02:11,1,1,2020-03-19 02:16,100,10
137,ETHOSCOPE_PV_07,2020-03-12,9,7,dead,Omi KO,w1118,FALSE,1-5 days old,M,5%-Sucrose_2%-Fly Agar,137,1,25,1,NO,2019-03-19_14-17-386,2019-03-27_14-17-386,Control,Control,2020-03-05 10:00,2020-03-19 02:01,0.01,1,2020-03-19 02:06,0.1,1,2020-03-19 02:11,1,1,2020-03-19 02:16,100,10
138,ETHOSCOPE_PV_07,2020-03-12,9,8,OK,Omi KO,w1118,FALSE,1-5 days old,M,5%-Sucrose_2%-Fly Agar,138,1,25,1,NO,2019-03-19_14-17-388,2019-03-27_14-17-388,Control,Control,2020-03-05 10:00,2020-03-19 02:01,0.01,1,2020-03-19 02:06,0.1,1,2020-03-19 02:11,1,1,2020-03-19 02:16,100,10
139,ETHOSCOPE_PV_07,2020-03-12,9,9,OK,Omi KO,w1118,FALSE,1-5 days old,M,5%-Sucrose_2%-Fly Agar,139,1,25,1,NO,2019-03-19_14-17-390,2019-03-27_14-17-390,Control,Control,2020-03-05 10:00,2020-03-19 02:01,0.01,1,2020-03-19 02:06,0.1,1,2020-03-19 02:11,1,1,2020-03-19 02:16,100,10
140,ETHOSCOPE_PV_07,2020-03-12,9,10,dead,Omi KO,w1118,FALSE,1-5 days old,M,5%-Sucrose_2%-Fly Agar,140,1,25,1,NO,2019-03-19_14-17-392,2019-03-27_14-17-392,Control,Control,2020-03-05 10:00,2020-03-19 02:01,0.01,1,2020-03-19 02:06,0.1,1,2020-03-19 02:11,1,1,2020-03-19 02:16,100,10
141,ETHOSCOPE_PV_08,2020-03-12,9,1,OK,Omi KO,w1118,FALSE,1-5 days old,M,5%-Sucrose_2%-Fly Agar,141,1,25,1,NO,2019-03-19_14-17-394,2019-03-27_14-17-394,Control,Control,2020-03-05 10:00,2020-03-19 02:01,0.01,1,2020-03-19 02:06,0.1,1,2020-03-19 02:11,1,1,2020-03-19 02:16,100,10
142,ETHOSCOPE_PV_08,2020-03-12,9,2,dead,Omi KO,w1118,FALSE,1-5 days old,M,5%-Sucrose_2%-Fly Agar,142,1,25,1,NO,2019-03-19_14-17-396,2019-03-27_14-17-396,Control,Control,2020-03-05 10:00,2020-03-19 02:01,0.01,1,2020-03-19 02:06,0.1,1,2020-03-19 02:11,1,1,2020-03-19 02:16,100,10
143,ETHOSCOPE_PV_08,2020-03-12,9,3,OK,Omi KO,w1118,FALSE,1-5 days old,M,5%-Sucrose_2%-Fly Agar,143,1,25,1,NO,2019-03-19_14-17-398,2019-03-27_14-17-398,Control,Control,2020-03-05 10:00,2020-03-19 02:01,0.01,1,2020-03-19 02:06,0.1,1,2020-03-19 02:11,1,1,2020-03-19 02:16,100,10
144,ETHOSCOPE_PV_08,2020-03-12,9,4,OK,Omi KO,w1118,FALSE,1-5 days old,M,5%-Sucrose_2%-Fly Agar,144,1,25,1,NO,2019-03-19_14-17-400,2019-03-27_14-17-400,Control,Control,2020-03-05 10:00,2020-03-19 02:01,0.01,1,2020-03-19 02:06,0.1,1,2020-03-19 02:11,1,1,2020-03-19 02:16,100,10
145,ETHOSCOPE_PV_08,2020-03-12,9,5,OK,Omi KO,w1118,FALSE,1-5 days old,M,5%-Sucrose_2%-Fly Agar,145,1,25,1,NO,2019-03-19_14-17-402,2019-03-27_14-17-402,Control,Control,2020-03-05 10:00,2020-03-19 02:01,0.01,1,2020-03-19 02:06,0.1,1,2020-03-19 02:11,1,1,2020-03-19 02:16,100,10
146,ETHOSCOPE_PV_08,2020-03-12,9,6,dead,Omi KO,w1118,FALSE,1-5 days old,M,5%-Sucrose_2%-Fly Agar,146,1,25,1,NO,2019-03-19_14-17-404,2019-03-27_14-17-404,Control,Control,2020-03-05 10:00,2020-03-19 02:01,0.01,1,2020-03-19 02:06,0.1,1,2020-03-19 02:11,1,1,2020-03-19 02:16,100,10
147,ETHOSCOPE_PV_08,2020-03-12,9,7,dead,Omi KO,w1118,FALSE,1-5 days old,M,5%-Sucrose_2%-Fly Agar,147,1,25,1,NO,2019-03-19_14-17-406,2019-03-27_14-17-406,Control,Control,2020-03-05 10:00,2020-03-19 02:01,0.01,1,2020-03-19 02:06,0.1,1,2020-03-19 02:11,1,1,2020-03-19 02:16,100,10
148,ETHOSCOPE_PV_08,2020-03-12,9,8,dead,Omi KO,w1118,FALSE,1-5 days old,M,5%-Sucrose_2%-Fly Agar,148,1,25,1,NO,2019-03-19_14-17-408,2019-03-27_14-17-408,Control,Control,2020-03-05 10:00,2020-03-19 02:01,0.01,1,2020-03-19 02:06,0.1,1,2020-03-19 02:11,1,1,2020-03-19 02:16,100,10
149,ETHOSCOPE_PV_08,2020-03-12,9,9,dead,Omi KO,w1118,FALSE,1-5 days old,M,5%-Sucrose_2%-Fly Agar,149,1,25,1,NO,2019-03-19_14-17-410,2019-03-27_14-17-410,Control,Control,2020-03-05 10:00,2020-03-19 02:01,0.01,1,2020-03-19 02:06,0.1,1,2020-03-19 02:11,1,1,2020-03-19 02:16,100,10
150,ETHOSCOPE_PV_08,2020-03-12,9,10,dead,Omi KO,w1118,FALSE,1-5 days old,M,5%-Sucrose_2%-Fly Agar,150,1,25,1,NO,2019-03-19_14-17-412,2019-03-27_14-17-412,Control,Control,2020-03-05 10:00,2020-03-19 02:01,0.01,1,2020-03-19 02:06,0.1,1,2020-03-19 02:11,1,1,2020-03-19 02:16,100,10
151,ETHOSCOPE_PV_08,2020-03-12,9,11,dead,GDH_+,w1118,FALSE,1-5 days old,M,5%-Sucrose_2%-Fly Agar,151,1,25,1,NO,2019-03-19_14-17-414,2019-03-27_14-17-414,Control,Control,2020-03-05 10:00,2020-03-19 02:01,0.01,1,2020-03-19 02:06,0.1,1,2020-03-19 02:11,1,1,2020-03-19 02:16,100,10
152,ETHOSCOPE_PV_08,2020-03-12,9,12,OK,GDH_+,w1118,FALSE,1-5 days old,M,5%-Sucrose_2%-Fly Agar,152,1,25,1,NO,2019-03-19_14-17-416,2019-03-27_14-17-416,Control,Control,2020-03-05 10:00,2020-03-19 02:01,0.01,1,2020-03-19 02:06,0.1,1,2020-03-19 02:11,1,1,2020-03-19 02:16,100,10
153,ETHOSCOPE_PV_08,2020-03-12,9,13,dead,GDH_+,w1118,FALSE,1-5 days old,M,5%-Sucrose_2%-Fly Agar,153,1,25,1,NO,2019-03-19_14-17-418,2019-03-27_14-17-418,Control,Control,2020-03-05 10:00,2020-03-19 02:01,0.01,1,2020-03-19 02:06,0.1,1,2020-03-19 02:11,1,1,2020-03-19 02:16,100,10
154,ETHOSCOPE_PV_08,2020-03-12,9,14,OK,GDH_+,w1118,FALSE,1-5 days old,M,5%-Sucrose_2%-Fly Agar,154,1,25,1,NO,2019-03-19_14-17-420,2019-03-27_14-17-420,Control,Control,2020-03-05 10:00,2020-03-19 02:01,0.01,1,2020-03-19 02:06,0.1,1,2020-03-19 02:11,1,1,2020-03-19 02:16,100,10
155,ETHOSCOPE_PV_08,2020-03-12,9,15,OK,GDH_+,w1118,FALSE,1-5 days old,M,5%-Sucrose_2%-Fly Agar,155,1,25,1,NO,2019-03-19_14-17-422,2019-03-27_14-17-422,Control,Control,2020-03-05 10:00,2020-03-19 02:01,0.01,1,2020-03-19 02:06,0.1,1,2020-03-19 02:11,1,1,2020-03-19 02:16,100,10
156,ETHOSCOPE_PV_08,2020-03-12,9,16,dead,GDH_+,w1118,FALSE,1-5 days old,M,5%-Sucrose_2%-Fly Agar,156,1,25,1,NO,2019-03-19_14-17-424,2019-03-27_14-17-424,Control,Control,2020-03-05 10:00,2020-03-19 02:01,0.01,1,2020-03-19 02:06,0.1,1,2020-03-19 02:11,1,1,2020-03-19 02:16,100,10
157,ETHOSCOPE_PV_08,2020-03-12,9,17,dead,GDH_+,w1118,FALSE,1-5 days old,M,5%-Sucrose_2%-Fly Agar,157,1,25,1,NO,2019-03-19_14-17-426,2019-03-27_14-17-426,Control,Control,2020-03-05 10:00,2020-03-19 02:01,0.01,1,2020-03-19 02:06,0.1,1,2020-03-19 02:11,1,1,2020-03-19 02:16,100,10
158,ETHOSCOPE_PV_08,2020-03-12,9,18,OK,GDH_+,w1118,FALSE,1-5 days old,M,5%-Sucrose_2%-Fly Agar,158,1,25,1,NO,2019-03-19_14-17-428,2019-03-27_14-17-428,Control,Control,2020-03-05 10:00,2020-03-19 02:01,0.01,1,2020-03-19 02:06,0.1,1,2020-03-19 02:11,1,1,2020-03-19 02:16,100,10
159,ETHOSCOPE_PV_08,2020-03-12,9,19,OK,GDH_+,w1118,FALSE,1-5 days old,M,5%-Sucrose_2%-Fly Agar,159,1,25,1,NO,2019-03-19_14-17-430,2019-03-27_14-17-430,Control,Control,2020-03-05 10:00,2020-03-19 02:01,0.01,1,2020-03-19 02:06,0.1,1,2020-03-19 02:11,1,1,2020-03-19 02:16,100,10
160,ETHOSCOPE_PV_08,2020-03-12,9,20,dead,GDH_+,w1118,FALSE,1-5 days old,M,5%-Sucrose_2%-Fly Agar,160,1,25,1,NO,2019-03-19_14-17-432,2019-03-27_14-17-432,Control,Control,2020-03-05 10:00,2020-03-19 02:01,0.01,1,2020-03-19 02:06,0.1,1,2020-03-19 02:11,1,1,2020-03-19 02:16,100,10
161,ETHOSCOPE_PV_09,2020-03-12,9,11,dead,GDH_+,w1118,FALSE,1-5 days old,M,5%-Sucrose_2%-Fly Agar,161,1,25,1,NO,2019-03-19_14-17-434,2019-03-27_14-17-434,Control,Control,2020-03-05 10:00,2020-03-19 02:01,0.01,1,2020-03-19 02:06,0.1,1,2020-03-19 02:11,1,1,2020-03-19 02:16,100,10
162,ETHOSCOPE_PV_09,2020-03-12,9,12,dead,GDH_+,w1118,FALSE,1-5 days old,M,5%-Sucrose_2%-Fly Agar,162,1,25,1,NO,2019-03-19_14-17-436,2019-03-27_14-17-436,Control,Control,2020-03-05 10:00,2020-03-19 02:01,0.01,1,2020-03-19 02:06,0.1,1,2020-03-19 02:11,1,1,2020-03-19 02:16,100,10
163,ETHOSCOPE_PV_09,2020-03-12,9,13,dead,GDH_+,w1118,FALSE,1-5 days old,M,5%-Sucrose_2%-Fly Agar,163,1,25,1,NO,2019-03-19_14-17-438,2019-03-27_14-17-438,Control,Control,2020-03-05 10:00,2020-03-19 02:01,0.01,1,2020-03-19 02:06,0.1,1,2020-03-19 02:11,1,1,2020-03-19 02:16,100,10
164,ETHOSCOPE_PV_09,2020-03-12,9,14,dead,GDH_+,w1118,FALSE,1-5 days old,M,5%-Sucrose_2%-Fly Agar,164,1,25,1,NO,2019-03-19_14-17-440,2019-03-27_14-17-440,Control,Control,2020-03-05 10:00,2020-03-19 02:01,0.01,1,2020-03-19 02:06,0.1,1,2020-03-19 02:11,1,1,2020-03-19 02:16,100,10
165,ETHOSCOPE_PV_09,2020-03-12,9,15,dead,GDH_+,w1118,FALSE,1-5 days old,M,5%-Sucrose_2%-Fly Agar,165,1,25,1,NO,2019-03-19_14-17-442,2019-03-27_14-17-442,Control,Control,2020-03-05 10:00,2020-03-19 02:01,0.01,1,2020-03-19 02:06,0.1,1,2020-03-19 02:11,1,1,2020-03-19 02:16,100,10
166,ETHOSCOPE_PV_09,2020-03-12,9,16,dead,GDH_+,w1118,FALSE,1-5 days old,M,5%-Sucrose_2%-Fly Agar,166,1,25,1,NO,2019-03-19_14-17-444,2019-03-27_14-17-444,Control,Control,2020-03-05 10:00,2020-03-19 02:01,0.01,1,2020-03-19 02:06,0.1,1,2020-03-19 02:11,1,1,2020-03-19 02:16,100,10
167,ETHOSCOPE_PV_09,2020-03-12,9,17,dead,GDH_+,w1118,FALSE,1-5 days old,M,5%-Sucrose_2%-Fly Agar,167,1,25,1,NO,2019-03-19_14-17-446,2019-03-27_14-17-446,Control,Control,2020-03-05 10:00,2020-03-19 02:01,0.01,1,2020-03-19 02:06,0.1,1,2020-03-19 02:11,1,1,2020-03-19 02:16,100,10
168,ETHOSCOPE_PV_09,2020-03-12,9,18,dead,GDH_+,w1118,FALSE,1-5 days old,M,5%-Sucrose_2%-Fly Agar,168,1,25,1,NO,2019-03-19_14-17-448,2019-03-27_14-17-448,Control,Control,2020-03-05 10:00,2020-03-19 02:01,0.01,1,2020-03-19 02:06,0.1,1,2020-03-19 02:11,1,1,2020-03-19 02:16,100,10
169,ETHOSCOPE_PV_09,2020-03-12,9,19,dead,GDH_+,w1118,FALSE,1-5 days old,M,5%-Sucrose_2%-Fly Agar,169,1,25,1,NO,2019-03-19_14-17-450,2019-03-27_14-17-450,Control,Control,2020-03-05 10:00,2020-03-19 02:01,0.01,1,2020-03-19 02:06,0.1,1,2020-03-19 02:11,1,1,2020-03-19 02:16,100,10
170,ETHOSCOPE_PV_09,2020-03-12,9,20,dead,GDH_+,w1118,FALSE,1-5 days old,M,5%-Sucrose_2%-Fly Agar,170,1,25,1,NO,2019-03-19_14-17-452,2019-03-27_14-17-452,Control,Control,2020-03-05 10:00,2020-03-19 02:01,0.01,1,2020-03-19 02:06,0.1,1,2020-03-19 02:11,1,1,2020-03-19 02:16,100,10
171,ETHOSCOPE_PV_10,2020-03-12,9,11,OK,GDH_+,w1118,FALSE,1-5 days old,M,5%-Sucrose_2%-Fly Agar,171,1,25,1,NO,2019-03-19_14-17-454,2019-03-27_14-17-454,Control,Control,2020-03-05 10:00,2020-03-19 02:01,0.01,1,2020-03-19 02:06,0.1,1,2020-03-19 02:11,1,1,2020-03-19 02:16,100,10
172,ETHOSCOPE_PV_10,2020-03-12,9,12,OK,GDH_+,w1118,FALSE,1-5 days old,M,5%-Sucrose_2%-Fly Agar,172,1,25,1,NO,2019-03-19_14-17-456,2019-03-27_14-17-456,Control,Control,2020-03-05 10:00,2020-03-19 02:01,0.01,1,2020-03-19 02:06,0.1,1,2020-03-19 02:11,1,1,2020-03-19 02:16,100,10
173,ETHOSCOPE_PV_10,2020-03-12,9,13,OK,GDH_+,w1118,FALSE,1-5 days old,M,5%-Sucrose_2%-Fly Agar,173,1,25,1,NO,2019-03-19_14-17-458,2019-03-27_14-17-458,Control,Control,2020-03-05 10:00,2020-03-19 02:01,0.01,1,2020-03-19 02:06,0.1,1,2020-03-19 02:11,1,1,2020-03-19 02:16,100,10
174,ETHOSCOPE_PV_10,2020-03-12,9,14,OK,GDH_+,w1118,FALSE,1-5 days old,M,5%-Sucrose_2%-Fly Agar,174,1,25,1,NO,2019-03-19_14-17-460,2019-03-27_14-17-460,Control,Control,2020-03-05 10:00,2020-03-19 02:01,0.01,1,2020-03-19 02:06,0.1,1,2020-03-19 02:11,1,1,2020-03-19 02:16,100,10
175,ETHOSCOPE_PV_10,2020-03-12,9,15,OK,GDH_+,w1118,FALSE,1-5 days old,M,5%-Sucrose_2%-Fly Agar,175,1,25,1,NO,2019-03-19_14-17-462,2019-03-27_14-17-462,Control,Control,2020-03-05 10:00,2020-03-19 02:01,0.01,1,2020-03-19 02:06,0.1,1,2020-03-19 02:11,1,1,2020-03-19 02:16,100,10
176,ETHOSCOPE_PV_10,2020-03-12,9,16,OK,GDH_+,w1118,FALSE,1-5 days old,M,5%-Sucrose_2%-Fly Agar,176,1,25,1,NO,2019-03-19_14-17-464,2019-03-27_14-17-464,Control,Control,2020-03-05 10:00,2020-03-19 02:01,0.01,1,2020-03-19 02:06,0.1,1,2020-03-19 02:11,1,1,2020-03-19 02:16,100,10
177,ETHOSCOPE_PV_10,2020-03-12,9,17,OK,GDH_+,w1118,FALSE,1-5 days old,M,5%-Sucrose_2%-Fly Agar,177,1,25,1,NO,2019-03-19_14-17-466,2019-03-27_14-17-466,Control,Control,2020-03-05 10:00,2020-03-19 02:01,0.01,1,2020-03-19 02:06,0.1,1,2020-03-19 02:11,1,1,2020-03-19 02:16,100,10
178,ETHOSCOPE_PV_10,2020-03-12,9,18,OK,GDH_+,w1118,FALSE,1-5 days old,M,5%-Sucrose_2%-Fly Agar,178,1,25,1,NO,2019-03-19_14-17-468,2019-03-27_14-17-468,Control,Control,2020-03-05 10:00,2020-03-19 02:01,0.01,1,2020-03-19 02:06,0.1,1,2020-03-19 02:11,1,1,2020-03-19 02:16,100,10
179,ETHOSCOPE_PV_10,2020-03-12,9,19,OK,GDH_+,w1118,FALSE,1-5 days old,M,5%-Sucrose_2%-Fly Agar,179,1,25,1,NO,2019-03-19_14-17-470,2019-03-27_14-17-470,Control,Control,2020-03-05 10:00,2020-03-19 02:01,0.01,1,2020-03-19 02:06,0.1,1,2020-03-19 02:11,1,1,2020-03-19 02:16,100,10
180,ETHOSCOPE_PV_10,2020-03-12,9,20,OK,GDH_+,w1118,FALSE,1-5 days old,M,5%-Sucrose_2%-Fly Agar,180,1,25,1,NO,2019-03-19_14-17-472,2019-03-27_14-17-472,Control,Control,2020-03-05 10:00,2020-03-19 02:01,0.01,1,2020-03-19 02:06,0.1,1,2020-03-19 02:11,1,1,2020-03-19 02:16,100,10
181,ETHOSCOPE_PV_10,2020-03-12,9,1,OK,CHCHD2 KO,w1118,FALSE,1-5 days old,M,5%-Sucrose_2%-Fly Agar,181,1,25,1,NO,2019-03-19_14-17-474,2019-03-27_14-17-474,Control,Control,2020-03-05 10:00,2020-03-19 02:01,0.01,1,2020-03-19 02:06,0.1,1,2020-03-19 02:11,1,1,2020-03-19 02:16,100,10
182,ETHOSCOPE_PV_10,2020-03-12,9,2,OK,CHCHD2 KO,w1118,FALSE,1-5 days old,M,5%-Sucrose_2%-Fly Agar,182,1,25,1,NO,2019-03-19_14-17-476,2019-03-27_14-17-476,Control,Control,2020-03-05 10:00,2020-03-19 02:01,0.01,1,2020-03-19 02:06,0.1,1,2020-03-19 02:11,1,1,2020-03-19 02:16,100,10
183,ETHOSCOPE_PV_10,2020-03-12,9,3,OK,CHCHD2 KO,w1118,FALSE,1-5 days old,M,5%-Sucrose_2%-Fly Agar,183,1,25,1,NO,2019-03-19_14-17-478,2019-03-27_14-17-478,Control,Control,2020-03-05 10:00,2020-03-19 02:01,0.01,1,2020-03-19 02:06,0.1,1,2020-03-19 02:11,1,1,2020-03-19 02:16,100,10
184,ETHOSCOPE_PV_10,2020-03-12,9,4,OK,CHCHD2 KO,w1118,FALSE,1-5 days old,M,5%-Sucrose_2%-Fly Agar,184,1,25,1,NO,2019-03-19_14-17-480,2019-03-27_14-17-480,Control,Control,2020-03-05 10:00,2020-03-19 02:01,0.01,1,2020-03-19 02:06,0.1,1,2020-03-19 02:11,1,1,2020-03-19 02:16,100,10
185,ETHOSCOPE_PV_10,2020-03-12,9,5,OK,CHCHD2 KO,w1118,FALSE,1-5 days old,M,5%-Sucrose_2%-Fly Agar,185,1,25,1,NO,2019-03-19_14-17-482,2019-03-27_14-17-482,Control,Control,2020-03-05 10:00,2020-03-19 02:01,0.01,1,2020-03-19 02:06,0.1,1,2020-03-19 02:11,1,1,2020-03-19 02:16,100,10
186,ETHOSCOPE_PV_10,2020-03-12,9,6,OK,CHCHD2 KO,w1118,FALSE,1-5 days old,M,5%-Sucrose_2%-Fly Agar,186,1,25,1,NO,2019-03-19_14-17-484,2019-03-27_14-17-484,Control,Control,2020-03-05 10:00,2020-03-19 02:01,0.01,1,2020-03-19 02:06,0.1,1,2020-03-19 02:11,1,1,2020-03-19 02:16,100,10
187,ETHOSCOPE_PV_10,2020-03-12,9,7,OK,CHCHD2 KO,w1118,FALSE,1-5 days old,M,5%-Sucrose_2%-Fly Agar,187,1,25,1,NO,2019-03-19_14-17-486,2019-03-27_14-17-486,Control,Control,2020-03-05 10:00,2020-03-19 02:01,0.01,1,2020-03-19 02:06,0.1,1,2020-03-19 02:11,1,1,2020-03-19 02:16,100,10
188,ETHOSCOPE_PV_10,2020-03-12,9,8,OK,CHCHD2 KO,w1118,FALSE,1-5 days old,M,5%-Sucrose_2%-Fly Agar,188,1,25,1,NO,2019-03-19_14-17-488,2019-03-27_14-17-488,Control,Control,2020-03-05 10:00,2020-03-19 02:01,0.01,1,2020-03-19 02:06,0.1,1,2020-03-19 02:11,1,1,2020-03-19 02:16,100,10
189,ETHOSCOPE_PV_10,2020-03-12,9,9,OK,CHCHD2 KO,w1118,FALSE,1-5 days old,M,5%-Sucrose_2%-Fly Agar,189,1,25,1,NO,2019-03-19_14-17-490,2019-03-27_14-17-490,Control,Control,2020-03-05 10:00,2020-03-19 02:01,0.01,1,2020-03-19 02:06,0.1,1,2020-03-19 02:11,1,1,2020-03-19 02:16,100,10
190,ETHOSCOPE_PV_10,2020-03-12,9,10,OK,CHCHD2 KO,w1118,FALSE,1-5 days old,M,5%-Sucrose_2%-Fly Agar,190,1,25,1,NO,2019-03-19_14-17-492,2019-03-27_14-17-492,Control,Control,2020-03-05 10:00,2020-03-19 02:01,0.01,1,2020-03-19 02:06,0.1,1,2020-03-19 02:11,1,1,2020-03-19 02:16,100,10
191,ETHOSCOPE_PV_11,2020-03-12,9,1,OK,CHCHD2 KO,w1118,FALSE,1-5 days old,M,5%-Sucrose_2%-Fly Agar,191,1,25,1,NO,2019-03-19_14-17-494,2019-03-27_14-17-494,Control,Control,2020-03-05 10:00,2020-03-19 02:01,0.01,1,2020-03-19 02:06,0.1,1,2020-03-19 02:11,1,1,2020-03-19 02:16,100,10
192,ETHOSCOPE_PV_11,2020-03-12,9,2,OK,CHCHD2 KO,w1118,FALSE,1-5 days old,M,5%-Sucrose_2%-Fly Agar,192,1,25,1,NO,2019-03-19_14-17-496,2019-03-27_14-17-496,Control,Control,2020-03-05 10:00,2020-03-19 02:01,0.01,1,2020-03-19 02:06,0.1,1,2020-03-19 02:11,1,1,2020-03-19 02:16,100,10
193,ETHOSCOPE_PV_11,2020-03-12,9,3,OK,CHCHD2 KO,w1118,FALSE,1-5 days old,M,5%-Sucrose_2%-Fly Agar,193,1,25,1,NO,2019-03-19_14-17-498,2019-03-27_14-17-498,Control,Control,2020-03-05 10:00,2020-03-19 02:01,0.01,1,2020-03-19 02:06,0.1,1,2020-03-19 02:11,1,1,2020-03-19 02:16,100,10
194,ETHOSCOPE_PV_11,2020-03-12,9,4,OK,CHCHD2 KO,w1118,FALSE,1-5 days old,M,5%-Sucrose_2%-Fly Agar,194,1,25,1,NO,2019-03-19_14-17-500,2019-03-27_14-17-500,Control,Control,2020-03-05 10:00,2020-03-19 02:01,0.01,1,2020-03-19 02:06,0.1,1,2020-03-19 02:11,1,1,2020-03-19 02:16,100,10
195,ETHOSCOPE_PV_11,2020-03-12,9,5,OK,CHCHD2 KO,w1118,FALSE,1-5 days old,M,5%-Sucrose_2%-Fly Agar,195,1,25,1,NO,2019-03-19_14-17-502,2019-03-27_14-17-502,Control,Control,2020-03-05 10:00,2020-03-19 02:01,0.01,1,2020-03-19 02:06,0.1,1,2020-03-19 02:11,1,1,2020-03-19 02:16,100,10
196,ETHOSCOPE_PV_11,2020-03-12,9,6,dead,CHCHD2 KO,w1118,FALSE,1-5 days old,M,5%-Sucrose_2%-Fly Agar,196,1,25,1,NO,2019-03-19_14-17-504,2019-03-27_14-17-504,Control,Control,2020-03-05 10:00,2020-03-19 02:01,0.01,1,2020-03-19 02:06,0.1,1,2020-03-19 02:11,1,1,2020-03-19 02:16,100,10
197,ETHOSCOPE_PV_11,2020-03-12,9,7,dead,CHCHD2 KO,w1118,FALSE,1-5 days old,M,5%-Sucrose_2%-Fly Agar,197,1,25,1,NO,2019-03-19_14-17-506,2019-03-27_14-17-506,Control,Control,2020-03-05 10:00,2020-03-19 02:01,0.01,1,2020-03-19 02:06,0.1,1,2020-03-19 02:11,1,1,2020-03-19 02:16,100,10
198,ETHOSCOPE_PV_11,2020-03-12,9,8,dead,CHCHD2 KO,w1118,FALSE,1-5 days old,M,5%-Sucrose_2%-Fly Agar,198,1,25,1,NO,2019-03-19_14-17-508,2019-03-27_14-17-508,Control,Control,2020-03-05 10:00,2020-03-19 02:01,0.01,1,2020-03-19 02:06,0.1,1,2020-03-19 02:11,1,1,2020-03-19 02:16,100,10
199,ETHOSCOPE_PV_11,2020-03-12,9,9,OK,CHCHD2 KO,w1118,FALSE,1-5 days old,M,5%-Sucrose_2%-Fly Agar,199,1,25,1,NO,2019-03-19_14-17-510,2019-03-27_14-17-510,Control,Control,2020-03-05 10:00,2020-03-19 02:01,0.01,1,2020-03-19 02:06,0.1,1,2020-03-19 02:11,1,1,2020-03-19 02:16,100,10
200,ETHOSCOPE_PV_11,2020-03-12,9,10,dead,CHCHD2 KO,w1118,FALSE,1-5 days old,M,5%-Sucrose_2%-Fly Agar,200,1,25,1,NO,2019-03-19_14-17-512,2019-03-27_14-17-512,Control,Control,2020-03-05 10:00,2020-03-19 02:01,0.01,1,2020-03-19 02:06,0.1,1,2020-03-19 02:11,1,1,2020-03-19 02:16,100,10
241,ETHOSCOPE_PV_12,2020-03-12,9,11,OK,VAC14_+,w1118,FALSE,1-5 days old,M,5%-Sucrose_2%-Fly Agar,241,1,25,1,NO,2019-03-19_14-17-594,2019-03-27_14-17-594,Control,Control,2020-03-05 10:00,2020-03-19 02:01,0.01,1,2020-03-19 02:06,0.1,1,2020-03-19 02:11,1,1,2020-03-19 02:16,100,10
242,ETHOSCOPE_PV_12,2020-03-12,9,12,OK,VAC14_+,w1118,FALSE,1-5 days old,M,5%-Sucrose_2%-Fly Agar,242,1,25,1,NO,2019-03-19_14-17-596,2019-03-27_14-17-596,Control,Control,2020-03-05 10:00,2020-03-19 02:01,0.01,1,2020-03-19 02:06,0.1,1,2020-03-19 02:11,1,1,2020-03-19 02:16,100,10
243,ETHOSCOPE_PV_12,2020-03-12,9,13,OK,VAC14_+,w1118,FALSE,1-5 days old,M,5%-Sucrose_2%-Fly Agar,243,1,25,1,NO,2019-03-19_14-17-598,2019-03-27_14-17-598,Control,Control,2020-03-05 10:00,2020-03-19 02:01,0.01,1,2020-03-19 02:06,0.1,1,2020-03-19 02:11,1,1,2020-03-19 02:16,100,10
244,ETHOSCOPE_PV_12,2020-03-12,9,14,OK,VAC14_+,w1118,FALSE,1-5 days old,M,5%-Sucrose_2%-Fly Agar,244,1,25,1,NO,2019-03-19_14-17-600,2019-03-27_14-17-600,Control,Control,2020-03-05 10:00,2020-03-19 02:01,0.01,1,2020-03-19 02:06,0.1,1,2020-03-19 02:11,1,1,2020-03-19 02:16,100,10
245,ETHOSCOPE_PV_12,2020-03-12,9,15,OK,VAC14_+,w1118,FALSE,1-5 days old,M,5%-Sucrose_2%-Fly Agar,245,1,25,1,NO,2019-03-19_14-17-602,2019-03-27_14-17-602,Control,Control,2020-03-05 10:00,2020-03-19 02:01,0.01,1,2020-03-19 02:06,0.1,1,2020-03-19 02:11,1,1,2020-03-19 02:16,100,10
246,ETHOSCOPE_PV_12,2020-03-12,9,16,OK,VAC14_+,w1118,FALSE,1-5 days old,M,5%-Sucrose_2%-Fly Agar,246,1,25,1,NO,2019-03-19_14-17-604,2019-03-27_14-17-604,Control,Control,2020-03-05 10:00,2020-03-19 02:01,0.01,1,2020-03-19 02:06,0.1,1,2020-03-19 02:11,1,1,2020-03-19 02:16,100,10
247,ETHOSCOPE_PV_12,2020-03-12,9,17,OK,VAC14_+,w1118,FALSE,1-5 days old,M,5%-Sucrose_2%-Fly Agar,247,1,25,1,NO,2019-03-19_14-17-606,2019-03-27_14-17-606,Control,Control,2020-03-05 10:00,2020-03-19 02:01,0.01,1,2020-03-19 02:06,0.1,1,2020-03-19 02:11,1,1,2020-03-19 02:16,100,10
248,ETHOSCOPE_PV_12,2020-03-12,9,18,OK,VAC14_+,w1118,FALSE,1-5 days old,M,5%-Sucrose_2%-Fly Agar,248,1,25,1,NO,2019-03-19_14-17-608,2019-03-27_14-17-608,Control,Control,2020-03-05 10:00,2020-03-19 02:01,0.01,1,2020-03-19 02:06,0.1,1,2020-03-19 02:11,1,1,2020-03-19 02:16,100,10
249,ETHOSCOPE_PV_12,2020-03-12,9,19,dead,VAC14_+,w1118,FALSE,1-5 days old,M,5%-Sucrose_2%-Fly Agar,249,1,25,1,NO,2019-03-19_14-17-610,2019-03-27_14-17-610,Control,Control,2020-03-05 10:00,2020-03-19 02:01,0.01,1,2020-03-19 02:06,0.1,1,2020-03-19 02:11,1,1,2020-03-19 02:16,100,10
250,ETHOSCOPE_PV_12,2020-03-12,9,20,OK,VAC14_+,w1118,FALSE,1-5 days old,M,5%-Sucrose_2%-Fly Agar,250,1,25,1,NO,2019-03-19_14-17-612,2019-03-27_14-17-612,Control,Control,2020-03-05 10:00,2020-03-19 02:01,0.01,1,2020-03-19 02:06,0.1,1,2020-03-19 02:11,1,1,2020-03-19 02:16,100,10
251,ETHOSCOPE_PV_13,2020-03-12,9,11,OK,VAC14_+,w1118,FALSE,1-5 days old,M,5%-Sucrose_2%-Fly Agar,251,1,25,1,NO,2019-03-19_14-17-614,2019-03-27_14-17-614,Control,Control,2020-03-05 10:00,2020-03-19 02:01,0.01,1,2020-03-19 02:06,0.1,1,2020-03-19 02:11,1,1,2020-03-19 02:16,100,10
252,ETHOSCOPE_PV_13,2020-03-12,9,12,OK,VAC14_+,w1118,FALSE,1-5 days old,M,5%-Sucrose_2%-Fly Agar,252,1,25,1,NO,2019-03-19_14-17-616,2019-03-27_14-17-616,Control,Control,2020-03-05 10:00,2020-03-19 02:01,0.01,1,2020-03-19 02:06,0.1,1,2020-03-19 02:11,1,1,2020-03-19 02:16,100,10
253,ETHOSCOPE_PV_13,2020-03-12,9,13,OK,VAC14_+,w1118,FALSE,1-5 days old,M,5%-Sucrose_2%-Fly Agar,253,1,25,1,NO,2019-03-19_14-17-618,2019-03-27_14-17-618,Control,Control,2020-03-05 10:00,2020-03-19 02:01,0.01,1,2020-03-19 02:06,0.1,1,2020-03-19 02:11,1,1,2020-03-19 02:16,100,10
254,ETHOSCOPE_PV_13,2020-03-12,9,14,OK,VAC14_+,w1118,FALSE,1-5 days old,M,5%-Sucrose_2%-Fly Agar,254,1,25,1,NO,2019-03-19_14-17-620,2019-03-27_14-17-620,Control,Control,2020-03-05 10:00,2020-03-19 02:01,0.01,1,2020-03-19 02:06,0.1,1,2020-03-19 02:11,1,1,2020-03-19 02:16,100,10
255,ETHOSCOPE_PV_13,2020-03-12,9,15,OK,VAC14_+,w1118,FALSE,1-5 days old,M,5%-Sucrose_2%-Fly Agar,255,1,25,1,NO,2019-03-19_14-17-622,2019-03-27_14-17-622,Control,Control,2020-03-05 10:00,2020-03-19 02:01,0.01,1,2020-03-19 02:06,0.1,1,2020-03-19 02:11,1,1,2020-03-19 02:16,100,10
256,ETHOSCOPE_PV_13,2020-03-12,9,16,OK,VAC14_+,w1118,FALSE,1-5 days old,M,5%-Sucrose_2%-Fly Agar,256,1,25,1,NO,2019-03-19_14-17-624,2019-03-27_14-17-624,Control,Control,2020-03-05 10:00,2020-03-19 02:01,0.01,1,2020-03-19 02:06,0.1,1,2020-03-19 02:11,1,1,2020-03-19 02:16,100,10
257,ETHOSCOPE_PV_13,2020-03-12,9,17,OK,VAC14_+,w1118,FALSE,1-5 days old,M,5%-Sucrose_2%-Fly Agar,257,1,25,1,NO,2019-03-19_14-17-626,2019-03-27_14-17-626,Control,Control,2020-03-05 10:00,2020-03-19 02:01,0.01,1,2020-03-19 02:06,0.1,1,2020-03-19 02:11,1,1,2020-03-19 02:16,100,10
258,ETHOSCOPE_PV_13,2020-03-12,9,18,OK,VAC14_+,w1118,FALSE,1-5 days old,M,5%-Sucrose_2%-Fly Agar,258,1,25,1,NO,2019-03-19_14-17-628,2019-03-27_14-17-628,Control,Control,2020-03-05 10:00,2020-03-19 02:01,0.01,1,2020-03-19 02:06,0.1,1,2020-03-19 02:11,1,1,2020-03-19 02:16,100,10
259,ETHOSCOPE_PV_13,2020-03-12,9,19,OK,VAC14_+,w1118,FALSE,1-5 days old,M,5%-Sucrose_2%-Fly Agar,259,1,25,1,NO,2019-03-19_14-17-630,2019-03-27_14-17-630,Control,Control,2020-03-05 10:00,2020-03-19 02:01,0.01,1,2020-03-19 02:06,0.1,1,2020-03-19 02:11,1,1,2020-03-19 02:16,100,10
260,ETHOSCOPE_PV_13,2020-03-12,9,20,OK,VAC14_+,w1118,FALSE,1-5 days old,M,5%-Sucrose_2%-Fly Agar,260,1,25,1,NO,2019-03-19_14-17-632,2019-03-27_14-17-632,Control,Control,2020-03-05 10:00,2020-03-19 02:01,0.01,1,2020-03-19 02:06,0.1,1,2020-03-19 02:11,1,1,2020-03-19 02:16,100,10
261,ETHOSCOPE_PV_14,2020-03-12,9,11,OK,VAC14_+,w1118,FALSE,1-5 days old,M,5%-Sucrose_2%-Fly Agar,261,1,25,1,NO,2019-03-19_14-17-634,2019-03-27_14-17-634,Control,Control,2020-03-05 10:00,2020-03-19 02:01,0.01,1,2020-03-19 02:06,0.1,1,2020-03-19 02:11,1,1,2020-03-19 02:16,100,10
262,ETHOSCOPE_PV_14,2020-03-12,9,12,OK,VAC14_+,w1118,FALSE,1-5 days old,M,5%-Sucrose_2%-Fly Agar,262,1,25,1,NO,2019-03-19_14-17-636,2019-03-27_14-17-636,Control,Control,2020-03-05 10:00,2020-03-19 02:01,0.01,1,2020-03-19 02:06,0.1,1,2020-03-19 02:11,1,1,2020-03-19 02:16,100,10
263,ETHOSCOPE_PV_14,2020-03-12,9,13,OK,VAC14_+,w1118,FALSE,1-5 days old,M,5%-Sucrose_2%-Fly Agar,263,1,25,1,NO,2019-03-19_14-17-638,2019-03-27_14-17-638,Control,Control,2020-03-05 10:00,2020-03-19 02:01,0.01,1,2020-03-19 02:06,0.1,1,2020-03-19 02:11,1,1,2020-03-19 02:16,100,10
264,ETHOSCOPE_PV_14,2020-03-12,9,14,OK,VAC14_+,w1118,FALSE,1-5 days old,M,5%-Sucrose_2%-Fly Agar,264,1,25,1,NO,2019-03-19_14-17-640,2019-03-27_14-17-640,Control,Control,2020-03-05 10:00,2020-03-19 02:01,0.01,1,2020-03-19 02:06,0.1,1,2020-03-19 02:11,1,1,2020-03-19 02:16,100,10
265,ETHOSCOPE_PV_14,2020-03-12,9,15,OK,VAC14_+,w1118,FALSE,1-5 days old,M,5%-Sucrose_2%-Fly Agar,265,1,25,1,NO,2019-03-19_14-17-642,2019-03-27_14-17-642,Control,Control,2020-03-05 10:00,2020-03-19 02:01,0.01,1,2020-03-19 02:06,0.1,1,2020-03-19 02:11,1,1,2020-03-19 02:16,100,10
266,ETHOSCOPE_PV_14,2020-03-12,9,16,OK,VAC14_+,w1118,FALSE,1-5 days old,M,5%-Sucrose_2%-Fly Agar,266,1,25,1,NO,2019-03-19_14-17-644,2019-03-27_14-17-644,Control,Control,2020-03-05 10:00,2020-03-19 02:01,0.01,1,2020-03-19 02:06,0.1,1,2020-03-19 02:11,1,1,2020-03-19 02:16,100,10
267,ETHOSCOPE_PV_14,2020-03-12,9,17,OK,VAC14_+,w1118,FALSE,1-5 days old,M,5%-Sucrose_2%-Fly Agar,267,1,25,1,NO,2019-03-19_14-17-646,2019-03-27_14-17-646,Control,Control,2020-03-05 10:00,2020-03-19 02:01,0.01,1,2020-03-19 02:06,0.1,1,2020-03-19 02:11,1,1,2020-03-19 02:16,100,10
268,ETHOSCOPE_PV_14,2020-03-12,9,18,OK,VAC14_+,w1118,FALSE,1-5 days old,M,5%-Sucrose_2%-Fly Agar,268,1,25,1,NO,2019-03-19_14-17-648,2019-03-27_14-17-648,Control,Control,2020-03-05 10:00,2020-03-19 02:01,0.01,1,2020-03-19 02:06,0.1,1,2020-03-19 02:11,1,1,2020-03-19 02:16,100,10
269,ETHOSCOPE_PV_14,2020-03-12,9,19,dead,VAC14_+,w1118,FALSE,1-5 days old,M,5%-Sucrose_2%-Fly Agar,269,1,25,1,NO,2019-03-19_14-17-650,2019-03-27_14-17-650,Control,Control,2020-03-05 10:00,2020-03-19 02:01,0.01,1,2020-03-19 02:06,0.1,1,2020-03-19 02:11,1,1,2020-03-19 02:16,100,10
270,ETHOSCOPE_PV_14,2020-03-12,9,20,OK,VAC14_+,w1118,FALSE,1-5 days old,M,5%-Sucrose_2%-Fly Agar,270,1,25,1,NO,2019-03-19_14-17-652,2019-03-27_14-17-652,Control,Control,2020-03-05 10:00,2020-03-19 02:01,0.01,1,2020-03-19 02:06,0.1,1,2020-03-19 02:11,1,1,2020-03-19 02:16,100,10
271,ETHOSCOPE_PV_15,2020-03-12,9,1,OK,VPS35_+,w1118,FALSE,1-5 days old,M,5%-Sucrose_2%-Fly Agar,271,1,25,1,NO,2019-03-19_14-17-654,2019-03-27_14-17-654,Control,Control,2020-03-05 10:00,2020-03-19 02:01,0.01,1,2020-03-19 02:06,0.1,1,2020-03-19 02:11,1,1,2020-03-19 02:16,100,10
272,ETHOSCOPE_PV_15,2020-03-12,9,2,OK,VPS35_+,w1118,FALSE,1-5 days old,M,5%-Sucrose_2%-Fly Agar,272,1,25,1,NO,2019-03-19_14-17-656,2019-03-27_14-17-656,Control,Control,2020-03-05 10:00,2020-03-19 02:01,0.01,1,2020-03-19 02:06,0.1,1,2020-03-19 02:11,1,1,2020-03-19 02:16,100,10
273,ETHOSCOPE_PV_15,2020-03-12,9,3,OK,VPS35_+,w1118,FALSE,1-5 days old,M,5%-Sucrose_2%-Fly Agar,273,1,25,1,NO,2019-03-19_14-17-658,2019-03-27_14-17-658,Control,Control,2020-03-05 10:00,2020-03-19 02:01,0.01,1,2020-03-19 02:06,0.1,1,2020-03-19 02:11,1,1,2020-03-19 02:16,100,10
274,ETHOSCOPE_PV_15,2020-03-12,9,4,OK,VPS35_+,w1118,FALSE,1-5 days old,M,5%-Sucrose_2%-Fly Agar,274,1,25,1,NO,2019-03-19_14-17-660,2019-03-27_14-17-660,Control,Control,2020-03-05 10:00,2020-03-19 02:01,0.01,1,2020-03-19 02:06,0.1,1,2020-03-19 02:11,1,1,2020-03-19 02:16,100,10
275,ETHOSCOPE_PV_15,2020-03-12,9,5,dead,VPS35_+,w1118,FALSE,1-5 days old,M,5%-Sucrose_2%-Fly Agar,275,1,25,1,NO,2019-03-19_14-17-662,2019-03-27_14-17-662,Control,Control,2020-03-05 10:00,2020-03-19 02:01,0.01,1,2020-03-19 02:06,0.1,1,2020-03-19 02:11,1,1,2020-03-19 02:16,100,10
276,ETHOSCOPE_PV_15,2020-03-12,9,6,dead,VPS35_+,w1118,FALSE,1-5 days old,M,5%-Sucrose_2%-Fly Agar,276,1,25,1,NO,2019-03-19_14-17-664,2019-03-27_14-17-664,Control,Control,2020-03-05 10:00,2020-03-19 02:01,0.01,1,2020-03-19 02:06,0.1,1,2020-03-19 02:11,1,1,2020-03-19 02:16,100,10
277,ETHOSCOPE_PV_15,2020-03-12,9,7,OK,VPS35_+,w1118,FALSE,1-5 days old,M,5%-Sucrose_2%-Fly Agar,277,1,25,1,NO,2019-03-19_14-17-666,2019-03-27_14-17-666,Control,Control,2020-03-05 10:00,2020-03-19 02:01,0.01,1,2020-03-19 02:06,0.1,1,2020-03-19 02:11,1,1,2020-03-19 02:16,100,10
278,ETHOSCOPE_PV_15,2020-03-12,9,8,OK,VPS35_+,w1118,FALSE,1-5 days old,M,5%-Sucrose_2%-Fly Agar,278,1,25,1,NO,2019-03-19_14-17-668,2019-03-27_14-17-668,Control,Control,2020-03-05 10:00,2020-03-19 02:01,0.01,1,2020-03-19 02:06,0.1,1,2020-03-19 02:11,1,1,2020-03-19 02:16,100,10
279,ETHOSCOPE_PV_15,2020-03-12,9,9,dead,VPS35_+,w1118,FALSE,1-5 days old,M,5%-Sucrose_2%-Fly Agar,279,1,25,1,NO,2019-03-19_14-17-670,2019-03-27_14-17-670,Control,Control,2020-03-05 10:00,2020-03-19 02:01,0.01,1,2020-03-19 02:06,0.1,1,2020-03-19 02:11,1,1,2020-03-19 02:16,100,10
280,ETHOSCOPE_PV_15,2020-03-12,9,10,OK,VPS35_+,w1118,FALSE,1-5 days old,M,5%-Sucrose_2%-Fly Agar,280,1,25,1,NO,2019-03-19_14-17-672,2019-03-27_14-17-672,Control,Control,2020-03-05 10:00,2020-03-19 02:01,0.01,1,2020-03-19 02:06,0.1,1,2020-03-19 02:11,1,1,2020-03-19 02:16,100,10
281,ETHOSCOPE_PV_20,2020-03-12,9,1,OK,VPS35_+,w1118,FALSE,1-5 days old,M,5%-Sucrose_2%-Fly Agar,281,1,25,1,NO,2019-03-19_14-17-674,2019-03-27_14-17-674,Control,Control,2020-03-05 10:00,2020-03-19 02:01,0.01,1,2020-03-19 02:06,0.1,1,2020-03-19 02:11,1,1,2020-03-19 02:16,100,10
282,ETHOSCOPE_PV_20,2020-03-12,9,2,OK,VPS35_+,w1118,FALSE,1-5 days old,M,5%-Sucrose_2%-Fly Agar,282,1,25,1,NO,2019-03-19_14-17-676,2019-03-27_14-17-676,Control,Control,2020-03-05 10:00,2020-03-19 02:01,0.01,1,2020-03-19 02:06,0.1,1,2020-03-19 02:11,1,1,2020-03-19 02:16,100,10
283,ETHOSCOPE_PV_20,2020-03-12,9,3,OK,VPS35_+,w1118,FALSE,1-5 days old,M,5%-Sucrose_2%-Fly Agar,283,1,25,1,NO,2019-03-19_14-17-678,2019-03-27_14-17-678,Control,Control,2020-03-05 10:00,2020-03-19 02:01,0.01,1,2020-03-19 02:06,0.1,1,2020-03-19 02:11,1,1,2020-03-19 02:16,100,10
284,ETHOSCOPE_PV_20,2020-03-12,9,4,OK,VPS35_+,w1118,FALSE,1-5 days old,M,5%-Sucrose_2%-Fly Agar,284,1,25,1,NO,2019-03-19_14-17-680,2019-03-27_14-17-680,Control,Control,2020-03-05 10:00,2020-03-19 02:01,0.01,1,2020-03-19 02:06,0.1,1,2020-03-19 02:11,1,1,2020-03-19 02:16,100,10
285,ETHOSCOPE_PV_20,2020-03-12,9,5,OK,VPS35_+,w1118,FALSE,1-5 days old,M,5%-Sucrose_2%-Fly Agar,285,1,25,1,NO,2019-03-19_14-17-682,2019-03-27_14-17-682,Control,Control,2020-03-05 10:00,2020-03-19 02:01,0.01,1,2020-03-19 02:06,0.1,1,2020-03-19 02:11,1,1,2020-03-19 02:16,100,10
286,ETHOSCOPE_PV_20,2020-03-12,9,6,OK,VPS35_+,w1118,FALSE,1-5 days old,M,5%-Sucrose_2%-Fly Agar,286,1,25,1,NO,2019-03-19_14-17-684,2019-03-27_14-17-684,Control,Control,2020-03-05 10:00,2020-03-19 02:01,0.01,1,2020-03-19 02:06,0.1,1,2020-03-19 02:11,1,1,2020-03-19 02:16,100,10
287,ETHOSCOPE_PV_20,2020-03-12,9,7,OK,VPS35_+,w1118,FALSE,1-5 days old,M,5%-Sucrose_2%-Fly Agar,287,1,25,1,NO,2019-03-19_14-17-686,2019-03-27_14-17-686,Control,Control,2020-03-05 10:00,2020-03-19 02:01,0.01,1,2020-03-19 02:06,0.1,1,2020-03-19 02:11,1,1,2020-03-19 02:16,100,10
288,ETHOSCOPE_PV_20,2020-03-12,9,8,OK,VPS35_+,w1118,FALSE,1-5 days old,M,5%-Sucrose_2%-Fly Agar,288,1,25,1,NO,2019-03-19_14-17-688,2019-03-27_14-17-688,Control,Control,2020-03-05 10:00,2020-03-19 02:01,0.01,1,2020-03-19 02:06,0.1,1,2020-03-19 02:11,1,1,2020-03-19 02:16,100,10
289,ETHOSCOPE_PV_20,2020-03-12,9,9,OK,VPS35_+,w1118,FALSE,1-5 days old,M,5%-Sucrose_2%-Fly Agar,289,1,25,1,NO,2019-03-19_14-17-690,2019-03-27_14-17-690,Control,Control,2020-03-05 10:00,2020-03-19 02:01,0.01,1,2020-03-19 02:06,0.1,1,2020-03-19 02:11,1,1,2020-03-19 02:16,100,10
290,ETHOSCOPE_PV_20,2020-03-12,9,10,OK,VPS35_+,w1118,FALSE,1-5 days old,M,5%-Sucrose_2%-Fly Agar,290,1,25,1,NO,2019-03-19_14-17-692,2019-03-27_14-17-692,Control,Control,2020-03-05 10:00,2020-03-19 02:01,0.01,1,2020-03-19 02:06,0.1,1,2020-03-19 02:11,1,1,2020-03-19 02:16,100,10
291,ETHOSCOPE_PV_21,2020-03-12,9,1,OK,VPS35_+,w1118,FALSE,1-5 days old,M,5%-Sucrose_2%-Fly Agar,291,1,25,1,NO,2019-03-19_14-17-694,2019-03-27_14-17-694,Control,Control,2020-03-05 10:00,2020-03-19 02:01,0.01,1,2020-03-19 02:06,0.1,1,2020-03-19 02:11,1,1,2020-03-19 02:16,100,10
292,ETHOSCOPE_PV_21,2020-03-12,9,2,OK,VPS35_+,w1118,FALSE,1-5 days old,M,5%-Sucrose_2%-Fly Agar,292,1,25,1,NO,2019-03-19_14-17-696,2019-03-27_14-17-696,Control,Control,2020-03-05 10:00,2020-03-19 02:01,0.01,1,2020-03-19 02:06,0.1,1,2020-03-19 02:11,1,1,2020-03-19 02:16,100,10
293,ETHOSCOPE_PV_21,2020-03-12,9,3,OK,VPS35_+,w1118,FALSE,1-5 days old,M,5%-Sucrose_2%-Fly Agar,293,1,25,1,NO,2019-03-19_14-17-698,2019-03-27_14-17-698,Control,Control,2020-03-05 10:00,2020-03-19 02:01,0.01,1,2020-03-19 02:06,0.1,1,2020-03-19 02:11,1,1,2020-03-19 02:16,100,10
294,ETHOSCOPE_PV_21,2020-03-12,9,4,OK,VPS35_+,w1118,FALSE,1-5 days old,M,5%-Sucrose_2%-Fly Agar,294,1,25,1,NO,2019-03-19_14-17-700,2019-03-27_14-17-700,Control,Control,2020-03-05 10:00,2020-03-19 02:01,0.01,1,2020-03-19 02:06,0.1,1,2020-03-19 02:11,1,1,2020-03-19 02:16,100,10
295,ETHOSCOPE_PV_21,2020-03-12,9,5,OK,VPS35_+,w1118,FALSE,1-5 days old,M,5%-Sucrose_2%-Fly Agar,295,1,25,1,NO,2019-03-19_14-17-702,2019-03-27_14-17-702,Control,Control,2020-03-05 10:00,2020-03-19 02:01,0.01,1,2020-03-19 02:06,0.1,1,2020-03-19 02:11,1,1,2020-03-19 02:16,100,10
296,ETHOSCOPE_PV_21,2020-03-12,9,6,OK,VPS35_+,w1118,FALSE,1-5 days old,M,5%-Sucrose_2%-Fly Agar,296,1,25,1,NO,2019-03-19_14-17-704,2019-03-27_14-17-704,Control,Control,2020-03-05 10:00,2020-03-19 02:01,0.01,1,2020-03-19 02:06,0.1,1,2020-03-19 02:11,1,1,2020-03-19 02:16,100,10
297,ETHOSCOPE_PV_21,2020-03-12,9,7,OK,VPS35_+,w1118,FALSE,1-5 days old,M,5%-Sucrose_2%-Fly Agar,297,1,25,1,NO,2019-03-19_14-17-706,2019-03-27_14-17-706,Control,Control,2020-03-05 10:00,2020-03-19 02:01,0.01,1,2020-03-19 02:06,0.1,1,2020-03-19 02:11,1,1,2020-03-19 02:16,100,10
298,ETHOSCOPE_PV_21,2020-03-12,9,8,OK,VPS35_+,w1118,FALSE,1-5 days old,M,5%-Sucrose_2%-Fly Agar,298,1,25,1,NO,2019-03-19_14-17-708,2019-03-27_14-17-708,Control,Control,2020-03-05 10:00,2020-03-19 02:01,0.01,1,2020-03-19 02:06,0.1,1,2020-03-19 02:11,1,1,2020-03-19 02:16,100,10
299,ETHOSCOPE_PV_21,2020-03-12,9,9,OK,VPS35_+,w1118,FALSE,1-5 days old,M,5%-Sucrose_2%-Fly Agar,299,1,25,1,NO,2019-03-19_14-17-710,2019-03-27_14-17-710,Control,Control,2020-03-05 10:00,2020-03-19 02:01,0.01,1,2020-03-19 02:06,0.1,1,2020-03-19 02:11,1,1,2020-03-19 02:16,100,10
300,ETHOSCOPE_PV_21,2020-03-12,9,10,OK,VPS35_+,w1118,FALSE,1-5 days old,M,5%-Sucrose_2%-Fly Agar,300,1,25,1,NO,2019-03-19_14-17-712,2019-03-27_14-17-712,Control,Control,2020-03-05 10:00,2020-03-19 02:01,0.01,1,2020-03-19 02:06,0.1,1,2020-03-19 02:11,1,1,2020-03-19 02:16,100,10
441,ETHOSCOPE_PV_28,2020-03-12,9,1,dead,auxilin_+,w1118,FALSE,1-5 days old,M,5%-Sucrose_2%-Fly Agar,441,1,25,1,NO,2019-03-19_14-17-994,2019-03-27_14-17-994,Control,Control,2020-03-05 10:00,2020-03-19 02:01,0.01,1,2020-03-19 02:06,0.1,1,2020-03-19 02:11,1,1,2020-03-19 02:16,100,10
442,ETHOSCOPE_PV_28,2020-03-12,9,2,OK,auxilin_+,w1118,FALSE,1-5 days old,M,5%-Sucrose_2%-Fly Agar,442,1,25,1,NO,2019-03-19_14-17-996,2019-03-27_14-17-996,Control,Control,2020-03-05 10:00,2020-03-19 02:01,0.01,1,2020-03-19 02:06,0.1,1,2020-03-19 02:11,1,1,2020-03-19 02:16,100,10
443,ETHOSCOPE_PV_28,2020-03-12,9,3,OK,auxilin_+,w1118,FALSE,1-5 days old,M,5%-Sucrose_2%-Fly Agar,443,1,25,1,NO,2019-03-19_14-17-998,2019-03-27_14-17-998,Control,Control,2020-03-05 10:00,2020-03-19 02:01,0.01,1,2020-03-19 02:06,0.1,1,2020-03-19 02:11,1,1,2020-03-19 02:16,100,10
444,ETHOSCOPE_PV_28,2020-03-12,9,4,OK,auxilin_+,w1118,FALSE,1-5 days old,M,5%-Sucrose_2%-Fly Agar,444,1,25,1,NO,2019-03-19_14-17-1000,2019-03-27_14-17-1000,Control,Control,2020-03-05 10:00,2020-03-19 02:01,0.01,1,2020-03-19 02:06,0.1,1,2020-03-19 02:11,1,1,2020-03-19 02:16,100,10
445,ETHOSCOPE_PV_28,2020-03-12,9,5,dead,auxilin_+,w1118,FALSE,1-5 days old,M,5%-Sucrose_2%-Fly Agar,445,1,25,1,NO,2019-03-19_14-17-1002,2019-03-27_14-17-1002,Control,Control,2020-03-05 10:00,2020-03-19 02:01,0.01,1,2020-03-19 02:06,0.1,1,2020-03-19 02:11,1,1,2020-03-19 02:16,100,10
446,ETHOSCOPE_PV_28,2020-03-12,9,6,OK,auxilin_+,w1118,FALSE,1-5 days old,M,5%-Sucrose_2%-Fly Agar,446,1,25,1,NO,2019-03-19_14-17-1004,2019-03-27_14-17-1004,Control,Control,2020-03-05 10:00,2020-03-19 02:01,0.01,1,2020-03-19 02:06,0.1,1,2020-03-19 02:11,1,1,2020-03-19 02:16,100,10
447,ETHOSCOPE_PV_28,2020-03-12,9,7,OK,auxilin_+,w1118,FALSE,1-5 days old,M,5%-Sucrose_2%-Fly Agar,447,1,25,1,NO,2019-03-19_14-17-1006,2019-03-27_14-17-1006,Control,Control,2020-03-05 10:00,2020-03-19 02:01,0.01,1,2020-03-19 02:06,0.1,1,2020-03-19 02:11,1,1,2020-03-19 02:16,100,10
448,ETHOSCOPE_PV_28,2020-03-12,9,8,OK,auxilin_+,w1118,FALSE,1-5 days old,M,5%-Sucrose_2%-Fly Agar,448,1,25,1,NO,2019-03-19_14-17-1008,2019-03-27_14-17-1008,Control,Control,2020-03-05 10:00,2020-03-19 02:01,0.01,1,2020-03-19 02:06,0.1,1,2020-03-19 02:11,1,1,2020-03-19 02:16,100,10
449,ETHOSCOPE_PV_28,2020-03-12,9,9,OK,auxilin_+,w1118,FALSE,1-5 days old,M,5%-Sucrose_2%-Fly Agar,449,1,25,1,NO,2019-03-19_14-17-1010,2019-03-27_14-17-1010,Control,Control,2020-03-05 10:00,2020-03-19 02:01,0.01,1,2020-03-19 02:06,0.1,1,2020-03-19 02:11,1,1,2020-03-19 02:16,100,10
450,ETHOSCOPE_PV_28,2020-03-12,9,10,OK,auxilin_+,w1118,FALSE,1-5 days old,M,5%-Sucrose_2%-Fly Agar,450,1,25,1,NO,2019-03-19_14-17-1012,2019-03-27_14-17-1012,Control,Control,2020-03-05 10:00,2020-03-19 02:01,0.01,1,2020-03-19 02:06,0.1,1,2020-03-19 02:11,1,1,2020-03-19 02:16,100,10
451,ETHOSCOPE_PV_29,2020-03-12,9,1,OK,auxilin_+,w1118,FALSE,1-5 days old,M,5%-Sucrose_2%-Fly Agar,451,1,25,1,NO,2019-03-19_14-17-1014,2019-03-27_14-17-1014,Control,Control,2020-03-05 10:00,2020-03-19 02:01,0.01,1,2020-03-19 02:06,0.1,1,2020-03-19 02:11,1,1,2020-03-19 02:16,100,10
452,ETHOSCOPE_PV_29,2020-03-12,9,2,OK,auxilin_+,w1118,FALSE,1-5 days old,M,5%-Sucrose_2%-Fly Agar,452,1,25,1,NO,2019-03-19_14-17-1016,2019-03-27_14-17-1016,Control,Control,2020-03-05 10:00,2020-03-19 02:01,0.01,1,2020-03-19 02:06,0.1,1,2020-03-19 02:11,1,1,2020-03-19 02:16,100,10
453,ETHOSCOPE_PV_29,2020-03-12,9,3,OK,auxilin_+,w1118,FALSE,1-5 days old,M,5%-Sucrose_2%-Fly Agar,453,1,25,1,NO,2019-03-19_14-17-1018,2019-03-27_14-17-1018,Control,Control,2020-03-05 10:00,2020-03-19 02:01,0.01,1,2020-03-19 02:06,0.1,1,2020-03-19 02:11,1,1,2020-03-19 02:16,100,10
454,ETHOSCOPE_PV_29,2020-03-12,9,4,OK,auxilin_+,w1118,FALSE,1-5 days old,M,5%-Sucrose_2%-Fly Agar,454,1,25,1,NO,2019-03-19_14-17-1020,2019-03-27_14-17-1020,Control,Control,2020-03-05 10:00,2020-03-19 02:01,0.01,1,2020-03-19 02:06,0.1,1,2020-03-19 02:11,1,1,2020-03-19 02:16,100,10
455,ETHOSCOPE_PV_29,2020-03-12,9,5,OK,auxilin_+,w1118,FALSE,1-5 days old,M,5%-Sucrose_2%-Fly Agar,455,1,25,1,NO,2019-03-19_14-17-1022,2019-03-27_14-17-1022,Control,Control,2020-03-05 10:00,2020-03-19 02:01,0.01,1,2020-03-19 02:06,0.1,1,2020-03-19 02:11,1,1,2020-03-19 02:16,100,10
456,ETHOSCOPE_PV_29,2020-03-12,9,6,OK,auxilin_+,w1118,FALSE,1-5 days old,M,5%-Sucrose_2%-Fly Agar,456,1,25,1,NO,2019-03-19_14-17-1024,2019-03-27_14-17-1024,Control,Control,2020-03-05 10:00,2020-03-19 02:01,0.01,1,2020-03-19 02:06,0.1,1,2020-03-19 02:11,1,1,2020-03-19 02:16,100,10
457,ETHOSCOPE_PV_29,2020-03-12,9,7,OK,auxilin_+,w1118,FALSE,1-5 days old,M,5%-Sucrose_2%-Fly Agar,457,1,25,1,NO,2019-03-19_14-17-1026,2019-03-27_14-17-1026,Control,Control,2020-03-05 10:00,2020-03-19 02:01,0.01,1,2020-03-19 02:06,0.1,1,2020-03-19 02:11,1,1,2020-03-19 02:16,100,10
458,ETHOSCOPE_PV_29,2020-03-12,9,8,OK,auxilin_+,w1118,FALSE,1-5 days old,M,5%-Sucrose_2%-Fly Agar,458,1,25,1,NO,2019-03-19_14-17-1028,2019-03-27_14-17-1028,Control,Control,2020-03-05 10:00,2020-03-19 02:01,0.01,1,2020-03-19 02:06,0.1,1,2020-03-19 02:11,1,1,2020-03-19 02:16,100,10
459,ETHOSCOPE_PV_29,2020-03-12,9,9,OK,auxilin_+,w1118,FALSE,1-5 days old,M,5%-Sucrose_2%-Fly Agar,459,1,25,1,NO,2019-03-19_14-17-1030,2019-03-27_14-17-1030,Control,Control,2020-03-05 10:00,2020-03-19 02:01,0.01,1,2020-03-19 02:06,0.1,1,2020-03-19 02:11,1,1,2020-03-19 02:16,100,10
460,ETHOSCOPE_PV_29,2020-03-12,9,10,OK,auxilin_+,w1118,FALSE,1-5 days old,M,5%-Sucrose_2%-Fly Agar,460,1,25,1,NO,2019-03-19_14-17-1032,2019-03-27_14-17-1032,Control,Control,2020-03-05 10:00,2020-03-19 02:01,0.01,1,2020-03-19 02:06,0.1,1,2020-03-19 02:11,1,1,2020-03-19 02:16,100,10
461,ETHOSCOPE_PV_28,2020-03-12,9,11,dead,RME8_+,w1118,FALSE,1-5 days old,M,5%-Sucrose_2%-Fly Agar,461,1,25,1,NO,2019-03-19_14-17-1034,2019-03-27_14-17-1034,Control,Control,2020-03-05 10:00,2020-03-19 02:01,0.01,1,2020-03-19 02:06,0.1,1,2020-03-19 02:11,1,1,2020-03-19 02:16,100,10
462,ETHOSCOPE_PV_28,2020-03-12,9,12,OK,RME8_+,w1118,FALSE,1-5 days old,M,5%-Sucrose_2%-Fly Agar,462,1,25,1,NO,2019-03-19_14-17-1036,2019-03-27_14-17-1036,Control,Control,2020-03-05 10:00,2020-03-19 02:01,0.01,1,2020-03-19 02:06,0.1,1,2020-03-19 02:11,1,1,2020-03-19 02:16,100,10
463,ETHOSCOPE_PV_28,2020-03-12,9,13,OK,RME8_+,w1118,FALSE,1-5 days old,M,5%-Sucrose_2%-Fly Agar,463,1,25,1,NO,2019-03-19_14-17-1038,2019-03-27_14-17-1038,Control,Control,2020-03-05 10:00,2020-03-19 02:01,0.01,1,2020-03-19 02:06,0.1,1,2020-03-19 02:11,1,1,2020-03-19 02:16,100,10
464,ETHOSCOPE_PV_28,2020-03-12,9,14,OK,RME8_+,w1118,FALSE,1-5 days old,M,5%-Sucrose_2%-Fly Agar,464,1,25,1,NO,2019-03-19_14-17-1040,2019-03-27_14-17-1040,Control,Control,2020-03-05 10:00,2020-03-19 02:01,0.01,1,2020-03-19 02:06,0.1,1,2020-03-19 02:11,1,1,2020-03-19 02:16,100,10
465,ETHOSCOPE_PV_28,2020-03-12,9,15,OK,RME8_+,w1118,FALSE,1-5 days old,M,5%-Sucrose_2%-Fly Agar,465,1,25,1,NO,2019-03-19_14-17-1042,2019-03-27_14-17-1042,Control,Control,2020-03-05 10:00,2020-03-19 02:01,0.01,1,2020-03-19 02:06,0.1,1,2020-03-19 02:11,1,1,2020-03-19 02:16,100,10
466,ETHOSCOPE_PV_28,2020-03-12,9,16,OK,RME8_+,w1118,FALSE,1-5 days old,M,5%-Sucrose_2%-Fly Agar,466,1,25,1,NO,2019-03-19_14-17-1044,2019-03-27_14-17-1044,Control,Control,2020-03-05 10:00,2020-03-19 02:01,0.01,1,2020-03-19 02:06,0.1,1,2020-03-19 02:11,1,1,2020-03-19 02:16,100,10
467,ETHOSCOPE_PV_28,2020-03-12,9,17,OK,RME8_+,w1118,FALSE,1-5 days old,M,5%-Sucrose_2%-Fly Agar,467,1,25,1,NO,2019-03-19_14-17-1046,2019-03-27_14-17-1046,Control,Control,2020-03-05 10:00,2020-03-19 02:01,0.01,1,2020-03-19 02:06,0.1,1,2020-03-19 02:11,1,1,2020-03-19 02:16,100,10
468,ETHOSCOPE_PV_28,2020-03-12,9,18,OK,RME8_+,w1118,FALSE,1-5 days old,M,5%-Sucrose_2%-Fly Agar,468,1,25,1,NO,2019-03-19_14-17-1048,2019-03-27_14-17-1048,Control,Control,2020-03-05 10:00,2020-03-19 02:01,0.01,1,2020-03-19 02:06,0.1,1,2020-03-19 02:11,1,1,2020-03-19 02:16,100,10
469,ETHOSCOPE_PV_28,2020-03-12,9,19,OK,RME8_+,w1118,FALSE,1-5 days old,M,5%-Sucrose_2%-Fly Agar,469,1,25,1,NO,2019-03-19_14-17-1050,2019-03-27_14-17-1050,Control,Control,2020-03-05 10:00,2020-03-19 02:01,0.01,1,2020-03-19 02:06,0.1,1,2020-03-19 02:11,1,1,2020-03-19 02:16,100,10
470,ETHOSCOPE_PV_28,2020-03-12,9,20,OK,RME8_+,w1118,FALSE,1-5 days old,M,5%-Sucrose_2%-Fly Agar,470,1,25,1,NO,2019-03-19_14-17-1052,2019-03-27_14-17-1052,Control,Control,2020-03-05 10:00,2020-03-19 02:01,0.01,1,2020-03-19 02:06,0.1,1,2020-03-19 02:11,1,1,2020-03-19 02:16,100,10
471,ETHOSCOPE_PV_29,2020-03-12,9,11,OK,RME8_+,w1118,FALSE,1-5 days old,M,5%-Sucrose_2%-Fly Agar,471,1,25,1,NO,2019-03-19_14-17-1054,2019-03-27_14-17-1054,Control,Control,2020-03-05 10:00,2020-03-19 02:01,0.01,1,2020-03-19 02:06,0.1,1,2020-03-19 02:11,1,1,2020-03-19 02:16,100,10
472,ETHOSCOPE_PV_29,2020-03-12,9,12,OK,RME8_+,w1118,FALSE,1-5 days old,M,5%-Sucrose_2%-Fly Agar,472,1,25,1,NO,2019-03-19_14-17-1056,2019-03-27_14-17-1056,Control,Control,2020-03-05 10:00,2020-03-19 02:01,0.01,1,2020-03-19 02:06,0.1,1,2020-03-19 02:11,1,1,2020-03-19 02:16,100,10
473,ETHOSCOPE_PV_29,2020-03-12,9,13,OK,RME8_+,w1118,FALSE,1-5 days old,M,5%-Sucrose_2%-Fly Agar,473,1,25,1,NO,2019-03-19_14-17-1058,2019-03-27_14-17-1058,Control,Control,2020-03-05 10:00,2020-03-19 02:01,0.01,1,2020-03-19 02:06,0.1,1,2020-03-19 02:11,1,1,2020-03-19 02:16,100,10
474,ETHOSCOPE_PV_29,2020-03-12,9,14,OK,RME8_+,w1118,FALSE,1-5 days old,M,5%-Sucrose_2%-Fly Agar,474,1,25,1,NO,2019-03-19_14-17-1060,2019-03-27_14-17-1060,Control,Control,2020-03-05 10:00,2020-03-19 02:01,0.01,1,2020-03-19 02:06,0.1,1,2020-03-19 02:11,1,1,2020-03-19 02:16,100,10
475,ETHOSCOPE_PV_29,2020-03-12,9,15,OK,RME8_+,w1118,FALSE,1-5 days old,M,5%-Sucrose_2%-Fly Agar,475,1,25,1,NO,2019-03-19_14-17-1062,2019-03-27_14-17-1062,Control,Control,2020-03-05 10:00,2020-03-19 02:01,0.01,1,2020-03-19 02:06,0.1,1,2020-03-19 02:11,1,1,2020-03-19 02:16,100,10
476,ETHOSCOPE_PV_29,2020-03-12,9,16,OK,RME8_+,w1118,FALSE,1-5 days old,M,5%-Sucrose_2%-Fly Agar,476,1,25,1,NO,2019-03-19_14-17-1064,2019-03-27_14-17-1064,Control,Control,2020-03-05 10:00,2020-03-19 02:01,0.01,1,2020-03-19 02:06,0.1,1,2020-03-19 02:11,1,1,2020-03-19 02:16,100,10
477,ETHOSCOPE_PV_29,2020-03-12,9,17,OK,RME8_+,w1118,FALSE,1-5 days old,M,5%-Sucrose_2%-Fly Agar,477,1,25,1,NO,2019-03-19_14-17-1066,2019-03-27_14-17-1066,Control,Control,2020-03-05 10:00,2020-03-19 02:01,0.01,1,2020-03-19 02:06,0.1,1,2020-03-19 02:11,1,1,2020-03-19 02:16,100,10
478,ETHOSCOPE_PV_29,2020-03-12,9,18,OK,RME8_+,w1118,FALSE,1-5 days old,M,5%-Sucrose_2%-Fly Agar,478,1,25,1,NO,2019-03-19_14-17-1068,2019-03-27_14-17-1068,Control,Control,2020-03-05 10:00,2020-03-19 02:01,0.01,1,2020-03-19 02:06,0.1,1,2020-03-19 02:11,1,1,2020-03-19 02:16,100,10
479,ETHOSCOPE_PV_29,2020-03-12,9,19,OK,RME8_+,w1118,FALSE,1-5 days old,M,5%-Sucrose_2%-Fly Agar,479,1,25,1,NO,2019-03-19_14-17-1070,2019-03-27_14-17-1070,Control,Control,2020-03-05 10:00,2020-03-19 02:01,0.01,1,2020-03-19 02:06,0.1,1,2020-03-19 02:11,1,1,2020-03-19 02:16,100,10
480,ETHOSCOPE_PV_29,2020-03-12,9,20,OK,RME8_+,w1118,FALSE,1-5 days old,M,5%-Sucrose_2%-Fly Agar,480,1,25,1,NO,2019-03-19_14-17-1072,2019-03-27_14-17-1072,Control,Control,2020-03-05 10:00,2020-03-19 02:01,0.01,1,2020-03-19 02:06,0.1,1,2020-03-19 02:11,1,1,2020-03-19 02:16,100,10
